function,ingr,may,jun,jul,aug,sep,oct,nov
Beauty,5HTP,0.0,0.0,0.0,0.0,0.0,0.0,0.0
Beauty,ACV,0.0,0.0,0.0,0.0,0.0,0.0,0.0
Beauty,ALA,0.0,0.0,0.052253,0.037755,0.028176,0.022445,0.02473
Beauty,Artichoke,0.0,0.0,0.0,0.0,0.0,0.0,0.0
Beauty,Ashwagandha,0.0,0.0,0.0,0.0,0.0,0.0,0.0
Beauty,Astaxanthin,0.0,0.0,0.0,0.0,0.0,0.0,0.0
Beauty,B1,0.010373,0.012251,0.016707,0.020926,0.022267,0.024622,0.016054
Beauty,B12,0.01567,0.017968,0.022444,0.025544,0.026065,0.02826018,0.019912
Beauty,B2,0.010373,0.012251,0.016707,0.020926,0.022267,0.024622,0.016054
Beauty,B3,0.016739,0.02252,0.016707,0.020926,0.022267,0.024622,0.016054
Beauty,B5,0.010373,0.012251,0.016707,0.020926,0.022267,0.024622,0.016054
Beauty,B6,0.016954,0.019695,0.017765,0.020926,0.022267,0.0305554,0.016054
Beauty,B7,1.1645503000000001,0.910062,1.67322755,1.632535,1.063975,1.2114958999999998,1.175725
Beauty,B9,0.264499,0.27729,0.583828,0.568694,0.277375,0.315188,0.411488
Beauty,BCAA,0.0,0.0,0.0,0.0,0.0,0.0,0.0
Beauty,BHB_rasp_ketones,0.0,0.0,0.0,0.0,0.0,0.0,0.0
Beauty,Bacopa,0.0,0.0,0.0,0.0,0.0,0.0,0.0
Beauty,Beetroot,0.0,0.0,0.0,0.0,0.0,0.0,0.0
Beauty,Berberine,0.0,0.0,0.0,0.0,0.0,0.0,0.0
Beauty,Black Pepper,0.0,0.0,0.0,0.0,0.0,0.0,0.0
Beauty,Black_cohosh,0.0,0.0,0.0,0.0,0.0,0.0,0.0
Beauty,Bromelain,0.0,0.0,0.0,0.0,0.0,0.0,0.0
Beauty,Brown Weed,0.0,0.0,0.0,0.0,0.0,0.0,0.0
Beauty,COQ10,0.0,0.0,0.0,0.0,0.0,0.0,0.0
Beauty,Caffeine,0.0,0.0,0.0,0.0,0.0,0.0,0.0
Beauty,Calcium,0.0,0.0,0.0,0.0,0.0,0.0,0.0
Beauty,Cayenne,0.0,0.0,0.0,0.0,0.0,0.0,0.0
Beauty,Chamomile,0.0,0.0,0.0,0.0,0.0,0.0,0.0
Beauty,Chlorophyll,0.0,0.0,0.0,0.0,0.0,0.0,0.0
Beauty,Choline,0.264499,0.27729,0.578304,0.561731,0.268654,0.302364,0.405044
Beauty,Chromium,0.008442,0.008729,0.008550549999999999,0.011571,0.010662,0.0122059,0.012918
Beauty,Cinnamon,0.008442,0.008729,0.008550549999999999,0.011571,0.010662,0.0122059,0.012918
Beauty,Citrulline,0.0,0.0,0.0,0.0,0.0,0.0,0.0
Beauty,Collagen,0.724949,0.705696,0.846791,0.754518,0.751726,1.2696648633333334,0.745556
Beauty,Copper,0.008916,0.009045,0.010839,0.01157,0.016399,0.018356,0.015649
Beauty,Cranberry,0.0,0.0,0.0,0.0,0.0,0.0,0.0
Beauty,Creatine,0.0,0.0,0.0,0.0,0.0,0.0,0.0
Beauty,Dandelion,0.0,0.0,0.0,0.0,0.0,0.0,0.0
Beauty,Echinacea,0.011581,0.010361,0.014885,0.021079,0.0,0.012388,0.0
Beauty,Elderberry,0.0,0.0,0.0,0.0,0.0,0.0,0.0
Beauty,Electrolyte,0.0,0.0,0.0,0.0,0.0,0.0,0.0
Beauty,Enzymes,0.002844,0.00261,0.008272,0.014149,0.010919,0.008262,0.0
Beauty,Fenugreek,0.0,0.0,0.0,0.0,0.0,0.0,0.0
Beauty,Fiber,0.0,0.0,0.0,0.0,0.0,0.0,0.0
Beauty,Fish_Oil,0.0,0.0,0.0,0.0,0.0,0.0,0.0
Beauty,Flaxseed,0.006581,0.007444,0.0,0.0,0.0,0.0059334,0.0
Beauty,Gaba,0.0,0.0,0.0,0.0,0.0,0.0,0.0
Beauty,Garcinia_cambogia,0.0,0.0,0.0,0.0,0.0,0.0,0.0
Beauty,Garlic,0.0,0.0,0.0,0.0,0.0,0.0,0.0
Beauty,Ginger,0.0,0.0,0.0,0.0,0.0,0.042559,0.050781
Beauty,Ginkgo_Biloba,0.0,0.0,0.0,0.0,0.0,0.0,0.0
Beauty,Ginseng,0.0,0.0,0.0,0.0,0.0,0.0,0.0
Beauty,Glucosamine|Chondroitine,0.093378,0.13064,0.23005158,0.239307,0.186599,0.16429971,0.153408
Beauty,GrapeSeed,0.009269,0.010705,0.005487,0.004113,0.0,0.014957,0.0
Beauty,Green_coffee,0.0,0.0,0.0,0.0,0.0,0.0,0.0
Beauty,Green_tea,0.0,0.0,0.0,0.0,0.0,0.0,0.0
Beauty,Greens,0.207938,0.0,0.0,0.0,0.0,0.0,0.0
Beauty,Hemp,0.0,0.0,0.0,0.0,0.0,0.0,0.0
Beauty,Horny Goat,0.0,0.0,0.0,0.0,0.0,0.0,0.0
Beauty,Hyaluronic_Acid,0.071522,0.115029,0.23196658,0.246412,0.198077,0.16354485000000002,0.153777
Beauty,Insomnia_Herbs,0.0,0.0,0.0,0.0,0.0,0.0,0.0
Beauty,Iodine,0.006581,0.007444,0.0,0.0,0.0,0.0059334,0.0
Beauty,Iron,0.545651,0.594565,0.591888,0.572844,0.608387,0.6343241799999999,0.722234
Beauty,Kava,0.0,0.0,0.0,0.0,0.0,0.0,0.0
Beauty,L-Carnitine,0.0,0.0,0.0,0.0,0.0,0.0,0.0
Beauty,L-Glutamine,0.0,0.0,0.0,0.0,0.0,0.0,0.0
Beauty,L-Lysine,0.023028,0.044757,0.101867,0.100181,0.077495,0.06147,0.05862
Beauty,L-Theanine,0.0,0.0,0.0,0.0,0.0,0.0,0.0
Beauty,L-arginine,0.0,0.0,0.0,0.0,0.0,0.0,0.0
Beauty,Lavender,0.0,0.0,0.0,0.0,0.0,0.0,0.0
Beauty,Lutein,0.0,0.0,0.0,0.0,0.0,0.0,0.0
Beauty,MCT,0.0,0.0,0.0,0.0,0.0,0.0,0.0
Beauty,MSM,0.084587,0.117916,0.21328358000000003,0.231569,0.295484,0.24426571,0.123421
Beauty,Magnesium,0.003947,0.004276,0.00372255,0.003169,0.003409,0.0036179,0.003887
Beauty,Manganese,0.003947,0.004276,0.00372255,0.003169,0.144756,0.1209169,0.003887
Beauty,Melatonin,0.0,0.0,0.0,0.0,0.0,0.0,0.0
Beauty,Milk_Thistle,0.0,0.0,0.0,0.0,0.0,0.0,0.0
Beauty,Mushrooms,0.0,0.0,0.0,0.0,0.0,0.0,0.0
Beauty,Omega3,0.0,0.0,0.052253,0.037755,0.018428,0.022445,0.02473
Beauty,Omega6,0.0,0.0,0.0,0.0,0.0,0.0,0.0
Beauty,Oregano,0.0,0.0,0.0,0.0,0.0,0.0,0.0
Beauty,Potassium,0.0,0.0,0.0,0.0,0.0,0.0,0.0
Beauty,Prebiotic,0.0,0.0,0.0,0.0,0.0,0.0,0.0
Beauty,Probiotic,0.0,0.0,0.0,0.0,0.0,0.0,0.0
Beauty,Psyllium,0.0,0.0,0.0,0.0,0.0,0.0,0.0
Beauty,Quercetin,0.0,0.004939,0.0,0.0,0.0,0.004479,0.0
Beauty,Red Weed,0.0,0.0,0.0,0.0,0.0,0.0,0.0
Beauty,Resveratrol,0.0,0.004939,0.0,0.0,0.0,0.004479,0.0
Beauty,Rhodiola_Rosea,0.0,0.0,0.0,0.0,0.0,0.0,0.0
Beauty,Saw_Palmetto,0.0,0.0,0.0,0.0,0.0,0.0,0.0
Beauty,Sea_Moss,0.0,0.0,0.0,0.0,0.0,0.0,0.0
Beauty,Selenium,0.031224,0.0,0.025458,0.034349,0.033049,0.038878,0.032273
Beauty,StJohns_Wort,0.0,0.0,0.0,0.0,0.0,0.0,0.0
Beauty,Turmeric|Curcumin,0.0,0.0,0.0,0.004678,0.005697,0.042559,0.050781
Beauty,Valerian,0.0,0.0,0.0,0.0,0.0,0.0,0.0
Beauty,VitaminA,0.024628,0.02389,0.033371,0.036897,0.036179,0.03615118,0.035279
Beauty,VitaminC,0.214612,0.221561,0.29511255,0.228444,0.191151,0.20830705333333335,0.220481
Beauty,VitaminD,0.001782,0.009875,0.013325,0.003046,0.0,0.003997,0.0
Beauty,VitaminE,0.0,0.0,0.0,0.0,0.0,0.0,0.0
Beauty,Zeaxanthin,0.0,0.0,0.0,0.0,0.0,0.0,0.0
Beauty,Zinc,0.236333,0.079728,0.27641155,0.422402,0.237248,0.24656989999999998,0.179948
Body,5HTP,0.0,0.0,0.0,0.0,0.0,0.0,0.0
Body,ACV,0.0,0.0,0.0,0.0,0.0,0.0,0.0
Body,ALA,0.030187,0.031829,0.057702,0.040391,0.061263,0.058562,0.119759
Body,Artichoke,0.037844,0.047285,0.038128,0.045739,0.042387,0.04833,0.036552
Body,Ashwagandha,0.021886,0.022471,0.001358,0.0,0.019902,0.0,0.020065
Body,Astaxanthin,0.0,0.0,0.0,0.0,0.0,0.0,0.0
Body,B1,0.0,0.0,0.0,0.008454,0.008745,0.008851,0.010786
Body,B12,0.435056,0.364363,0.860268,0.855567,0.506081,1.77999518,0.547947
Body,B2,0.01349,0.01449,0.015491,0.023485,0.023845,0.025066,0.028656
Body,B3,0.068619,0.086711,0.079705,0.083729,0.081094,0.091205,0.092421
Body,B5,0.0,0.0,0.001947,0.0,0.0,0.0,0.0
Body,B6,0.123314,0.112962,0.118863,0.11949,0.118683,0.1394771,0.096853
Body,B7,0.191913,0.004276,0.055975550000000006,0.040924,0.031585,0.0260629,0.028617
Body,B9,0.578145,0.501156,1.031235,0.958981,0.644103,1.980773,0.606457
Body,BCAA,0.0,0.0,0.0,0.0,0.0,0.0,0.0
Body,BHB_rasp_ketones,0.0,0.0,0.0,0.0,0.0,0.0,0.0
Body,Bacopa,0.0,0.0,0.0,0.0,0.0,0.0,0.0
Body,Beetroot,0.001658,0.0,0.0,0.0,0.0,0.0,0.0
Body,Berberine,0.031494,0.030717,0.030423,0.03008,0.05251,0.0755144,0.126782
Body,Black Pepper,0.0,0.0,0.0,0.0,0.0,0.0,0.0
Body,Black_cohosh,0.0,0.0,0.0,0.0,0.0,0.0,0.0
Body,Bromelain,0.0,0.0,0.0,0.0,0.0,0.0,0.0
Body,Brown Weed,0.042089,0.038126,0.050998,0.042992,0.038275,0.043607,0.033915
Body,COQ10,0.271487,0.273211,0.237933,0.242716,0.256494,0.32687022000000004,0.284632
Body,Caffeine,0.0,0.0,0.009742,0.009324,0.0,0.0,0.0
Body,Calcium,0.219093,0.208269,0.23845,0.153158,0.204589,0.302162,0.165715
Body,Cayenne,0.0,0.0,0.0,0.0,0.0,0.0,0.0
Body,Chamomile,0.0,0.0,0.0,0.0,0.0,0.0,0.0
Body,Chlorophyll,0.0,0.0,0.0,0.0,0.0,0.0,0.0
Body,Choline,0.0,0.0,0.0,0.001019,0.0,0.001499,0.0
Body,Chromium,0.084135,0.089832,0.06454155,0.069205,0.063978,0.0715263,0.062156
Body,Cinnamon,0.038904,0.040812,0.03823155,0.037166,0.06169,0.08399604999999999,0.135611
Body,Citrulline,0.088237,0.008342,0.008982,0.009113,0.085018,0.107555,0.064221
Body,Collagen,0.009269,0.005766,0.005487,0.004113,0.0,0.010478,0.0
Body,Copper,0.035104,0.0358891,0.017342,0.018297,0.031473,0.00606,0.021714
Body,Cranberry,0.00259,0.002228,0.003269,0.004325,0.004397,0.003175,0.0
Body,Creatine,0.0,0.0,0.0,0.0,0.0,0.0,0.0
Body,Dandelion,0.0,0.0,0.0,0.0,0.0,0.0,0.002871
Body,Echinacea,0.052088,0.164762,0.287625,0.448084,0.381239,0.268552,0.360176
Body,Elderberry,0.0,0.0,0.00192,0.04822,0.017311,0.0,0.07925
Body,Electrolyte,0.0,0.0,0.0,0.0,0.0,0.0,0.0
Body,Enzymes,0.327221,0.263559,0.278701,0.278121,0.230115,0.26955802,0.223863
Body,Fenugreek,0.0,0.0,0.0,0.0,0.0,0.0,0.0
Body,Fiber,0.0,0.0,0.003497,0.003458,0.0,0.0,0.0
Body,Fish_Oil,0.0,0.0,0.0,0.0,0.0,0.0,0.0
Body,Flaxseed,0.006581,0.007444,0.0,0.0,0.0,0.0059334,0.0
Body,Gaba,0.0,0.0,0.0,0.0,0.0,0.0,0.0
Body,Garcinia_cambogia,0.0,0.0,0.0,0.0,0.0,0.0,0.0
Body,Garlic,0.011849,0.01604,0.034499,0.039441,0.011506,0.0179628,0.018182
Body,Ginger,0.223264,0.161442,0.283998,0.416115,0.379342,0.268552,0.357442
Body,Ginkgo_Biloba,0.0,0.0,0.0,0.0,0.0,0.0,0.0
Body,Ginseng,0.0,0.0,0.0,0.0,0.0,0.0,0.0
Body,Glucosamine|Chondroitine,0.0,0.0,0.0,0.0,0.0,0.0,0.0
Body,GrapeSeed,0.011348,0.016005,0.009546,0.015953,0.0,0.014957,0.0
Body,Green_coffee,0.0,0.0,0.0,0.0,0.0,0.0,0.0
Body,Green_tea,0.0,0.0,0.0,0.0,0.0,0.0,0.0
Body,Greens,0.21259,0.025981,0.110347,0.172473,0.104959,0.1153572,0.023601
Body,Hemp,0.0,0.0,0.0,0.0,0.0,0.0,0.0
Body,Horny Goat,0.0,0.0,0.0,0.0,0.0,0.0,0.0
Body,Hyaluronic_Acid,0.0,0.0,0.0,0.0,0.0,0.0,0.0
Body,Insomnia_Herbs,0.0,0.0,0.0,0.0,0.0,0.0,0.0
Body,Iodine,0.539224,0.515428,0.602249,0.480817,0.565856,0.6412361000000001,0.478449
Body,Iron,0.741881,0.718338,1.161118,1.049241,0.851215,2.1627101799999995,0.748163
Body,Kava,0.0,0.0,0.0,0.0,0.0,0.0,0.0
Body,L-Carnitine,0.0,0.0,0.0,0.0,0.0,0.0,0.0
Body,L-Glutamine,0.0,0.0,0.0,0.0,0.0,0.0,0.0
Body,L-Lysine,0.008422,0.008272,0.0,0.0,0.0,0.0,0.000934
Body,L-Theanine,0.0,0.0,0.009742,0.009324,0.0,0.0,0.0
Body,L-arginine,0.090074,0.106812,0.086757,0.080875,0.0841,0.107835,0.061932
Body,Lavender,0.0,0.0,0.0,0.0,0.0,0.0,0.0
Body,Lutein,0.226282,0.250175,0.224959,0.221095,0.244512,0.27869102500000004,0.259757
Body,MCT,0.0,0.0,0.0,0.0,0.0,0.0,0.0
Body,MSM,0.078706,0.075426,0.06914,0.081258,0.065928,0.075081,0.063952
Body,Magnesium,0.18953,0.201708,0.17303054999999998,0.224106,0.252438,0.22353489999999998,0.25308
Body,Manganese,0.007297,0.007661,0.007663549999999999,0.003169,0.003409,0.0058569,0.003887
Body,Melatonin,0.0,0.0,0.0,0.0,0.0,0.0,0.0
Body,Milk_Thistle,0.049531,0.073981,0.059864,0.08238252,0.048568,0.055519,0.055077
Body,Mushrooms,0.0,0.0,0.0,0.0,0.0,0.0,0.003599
Body,Omega3,0.0,0.0,0.052253,0.037755,0.018428,0.022445,0.02473
Body,Omega6,0.0,0.0,0.0,0.0,0.0,0.0,0.0
Body,Oregano,0.0,0.0,0.0,0.0,0.0,0.0,0.0
Body,Potassium,0.083079,0.091741,0.066746,0.102698,0.131588,0.096564,0.133276
Body,Prebiotic,0.15179,0.176666,0.179266,0.201771,0.195284,0.208782,0.192612
Body,Probiotic,0.157878,0.182728,0.185678,0.207673,0.20062,0.214792,0.19873
Body,Psyllium,0.0,0.0,0.003497,0.003458,0.0,0.0,0.0
Body,Quercetin,0.003779,0.007586,0.003574,0.038505,0.009082,0.011304,0.0
Body,Red Weed,0.0,0.0,0.0,0.0,0.0,0.0,0.0
Body,Resveratrol,0.0,0.004939,0.0,0.0,0.0,0.004479,0.0
Body,Rhodiola_Rosea,0.0,0.0,0.0,0.0,0.0,0.0,0.0
Body,Saw_Palmetto,0.167811,0.174957,0.181804,0.167125,0.160257,0.415524,0.407227
Body,Sea_Moss,0.010379,0.006892,0.01473,0.009576,0.007221,0.008752,0.008366
Body,Selenium,0.301819,0.249288,0.396137,0.525266,0.523155,0.363606,0.447744
Body,StJohns_Wort,0.0,0.0,0.0,0.0,0.0,0.0,0.0
Body,Turmeric|Curcumin,0.052645,0.064605,0.056259,0.06193,0.059672,0.053543,0.041639
Body,Valerian,0.0,0.0,0.0,0.0,0.0,0.0,0.0
Body,VitaminA,0.064185,0.063541,0.077544,0.078224,0.081301,0.08285888000000001,0.078152
Body,VitaminC,0.553662,0.532218,0.66404655,0.752273,0.786143,0.778778925,0.788885
Body,VitaminD,0.202259,0.205097,0.244684,0.213959,0.261729,0.307327,0.17387
Body,VitaminE,0.37244,0.332817,0.522694,0.639164,0.643556,0.477456025,0.612114
Body,Zeaxanthin,0.173738,0.190967,0.212861,0.207883,0.194557,0.227409,0.195028
Body,Zinc,0.677051,0.510916,0.79249055,1.124251,0.969183,0.802982925,0.933366
Brain,5HTP,0.0,0.0,0.0,0.0,0.0,0.0,0.00672
Brain,ACV,0.0,0.0,0.0,0.0,0.0,0.0,0.0
Brain,ALA,0.0,0.0,0.0,0.0,0.0,0.0,0.0
Brain,Artichoke,0.0,0.0,0.0,0.0,0.0,0.0,0.0
Brain,Ashwagandha,0.0,0.0,0.0,0.003528,0.003623,0.0030921099999999995,0.0
Brain,Astaxanthin,0.0,0.0,0.0,0.0,0.0,0.0,0.0
Brain,B1,0.0,0.0,0.0,0.0,0.0,0.0,0.0
Brain,B12,0.73806,0.688974,0.523059,0.575336,0.619668,0.642693,0.68846
Brain,B2,0.0,0.0,0.0,0.0,0.0,0.0,0.0
Brain,B3,0.001516,0.0,0.0,0.0,0.0,0.0,0.0
Brain,B5,0.0,0.0,0.0,0.0,0.0,0.0,0.0
Brain,B6,0.0,0.0,0.0,0.0,0.0,0.0,0.0
Brain,B7,0.0,0.0,0.0,0.0,0.0,0.0,0.0
Brain,B9,0.200464,0.207799,0.125259,0.102773,0.181598,0.176218,0.227809
Brain,BCAA,0.0,0.0,0.0,0.0,0.0,0.0,0.0
Brain,BHB_rasp_ketones,0.0,0.0,0.0,0.0,0.0,0.0,0.0
Brain,Bacopa,0.117957,0.104501,0.09922,0.095004,0.089693,0.04439275999999999,0.087775
Brain,Beetroot,0.0,0.0,0.0,0.0,0.0,0.0,0.0
Brain,Berberine,0.0,0.0,0.0,0.0,0.0,0.0,0.0
Brain,Black Pepper,0.0,0.0,0.0,0.0,0.0,0.0,0.0
Brain,Black_cohosh,0.0,0.0,0.0,0.0,0.0,0.0,0.0
Brain,Bromelain,0.0,0.0,0.0,0.0,0.0,0.0,0.0
Brain,Brown Weed,0.007221,0.006892,0.011372,0.009576,0.007221,0.006593,0.006309
Brain,COQ10,0.0,0.0,0.0,0.0,0.0,0.0,0.0
Brain,Caffeine,0.070779,0.072939,0.093603,0.097938,0.086692,0.09919271,0.095414
Brain,Calcium,0.009633,0.011451,0.01208,0.011094,0.010687,0.01012604,0.0
Brain,Cayenne,0.0,0.0,0.0,0.0,0.0,0.0,0.0
Brain,Chamomile,0.0,0.0,0.0,0.0,0.0,0.0,0.0
Brain,Chlorophyll,0.0,0.0,0.0,0.0,0.0,0.0,0.0
Brain,Choline,0.004681,0.00436,0.0,0.005812,0.0,0.005424,0.00165
Brain,Chromium,0.0,0.0,0.0,0.0,0.0,0.0,0.0
Brain,Cinnamon,0.0,0.0,0.0,0.0,0.0,0.0,0.0
Brain,Citrulline,0.0,0.0,0.0,0.0,0.0,0.0,0.0
Brain,Collagen,0.0,0.0,0.0,0.0,0.0,0.0,0.0
Brain,Copper,0.0,0.0,0.0,0.0,0.0,0.0,0.0
Brain,Cranberry,0.0,0.0,0.0,0.0,0.0,0.0,0.0
Brain,Creatine,0.0,0.0,0.0,0.006712,0.0,0.0,0.004994
Brain,Dandelion,0.0,0.0,0.0,0.0,0.0,0.0,0.0
Brain,Echinacea,0.0,0.0,0.0,0.0,0.0,0.0,0.0
Brain,Elderberry,0.0,0.0,0.0,0.0,0.0,0.0,0.0
Brain,Electrolyte,0.009633,0.011451,0.01208,0.011094,0.010687,0.01012604,0.0
Brain,Enzymes,0.0,0.0,0.0,0.0,0.0,0.0,0.0
Brain,Fenugreek,0.0,0.0,0.0,0.0,0.0,0.0,0.0
Brain,Fiber,0.0,0.0,0.0,0.0,0.0,0.0,0.0
Brain,Fish_Oil,0.0,0.0,0.0,0.0,0.0,0.0,0.0
Brain,Flaxseed,0.0,0.0,0.0,0.0,0.0,0.0,0.0
Brain,Gaba,0.01452,0.0156,0.01628,0.016054,0.01568,0.01664,0.139697
Brain,Garcinia_cambogia,0.0,0.0,0.0,0.0,0.0,0.0,0.0
Brain,Garlic,0.0,0.0,0.0,0.0,0.0,0.0,0.0
Brain,Ginger,0.0,0.0,0.0,0.0,0.0,0.0,0.0
Brain,Ginkgo_Biloba,0.168208,0.153014,0.144358,0.13037,0.131941,0.08485434,0.122389
Brain,Ginseng,0.098855,0.091311,0.095929,0.085705,0.093152,0.08794645,0.087771
Brain,Glucosamine|Chondroitine,0.0,0.0,0.0,0.0,0.0,0.0,0.0
Brain,GrapeSeed,0.01452,0.0156,0.01628,0.016054,0.01568,0.01664,0.01904
Brain,Green_coffee,0.0,0.0,0.0,0.0,0.0,0.0,0.0
Brain,Green_tea,0.0,0.0,0.0,0.00205,0.002052,0.002338,0.002384
Brain,Greens,0.0,0.0,0.0,0.0,0.0,0.0,0.0
Brain,Hemp,0.0,0.0,0.0,0.0,0.0,0.0,0.0
Brain,Horny Goat,0.0,0.0,0.0,0.0,0.0,0.0,0.0
Brain,Hyaluronic_Acid,0.0,0.0,0.0,0.0,0.0,0.0,0.0
Brain,Insomnia_Herbs,0.0,0.0,0.0,0.0,0.0,0.0,0.0
Brain,Iodine,0.007221,0.006892,0.011372,0.009576,0.007221,0.006593,0.006309
Brain,Iron,0.038861,0.04002,0.045157,0.043198,0.054489,0.052608,0.05219
Brain,Kava,0.0,0.0,0.0,0.0,0.0,0.0,0.0
Brain,L-Carnitine,0.031421,0.030863,0.001094,0.028429,0.030444,0.034334,0.031022
Brain,L-Glutamine,0.001933,0.00224,0.002801,0.0,0.00236,0.003255,0.002851
Brain,L-Lysine,0.0,0.0,0.0,0.0,0.0,0.0,0.0
Brain,L-Theanine,0.01452,0.0156,0.026022,0.121822,0.065574,0.07178,0.251612
Brain,L-arginine,0.0,0.0,0.0,0.0,0.0,0.0,0.0
Brain,Lavender,0.0,0.0,0.0,0.0,0.0,0.0,0.0
Brain,Lutein,0.0,0.0,0.0,0.0,0.0,0.0,0.0
Brain,MCT,0.0,0.0,0.0,0.0,0.0,0.0,0.0
Brain,MSM,0.0,0.0,0.0,0.0,0.0,0.0,0.0
Brain,Magnesium,0.009633,0.011451,0.01208,0.011094,0.010687,0.01012604,0.0
Brain,Manganese,0.0,0.00085,0.0,0.002482,0.0,0.0,0.0
Brain,Melatonin,0.0,0.0,0.0,0.0,0.0,0.0,0.223468
Brain,Milk_Thistle,0.0,0.0,0.0,0.0,0.0,0.0,0.0
Brain,Mushrooms,0.0,0.0,0.0,0.0,0.0,0.0,0.0
Brain,Omega3,0.0,0.0,0.0,0.0,0.0,0.0,0.0
Brain,Omega6,0.033806,0.043918,0.068194,0.072768,0.05012,0.050838440000000006,0.052444
Brain,Oregano,0.0,0.0,0.0,0.0,0.0,0.0,0.0
Brain,Potassium,0.009633,0.011451,0.01208,0.011094,0.010687,0.011922039999999998,0.0
Brain,Prebiotic,0.0,0.0,0.0,0.0,0.0,0.0,0.0
Brain,Probiotic,0.0,0.0,0.0,0.0,0.0,0.0,0.0
Brain,Psyllium,0.0,0.0,0.0,0.0,0.0,0.0,0.0
Brain,Quercetin,0.0,0.0,0.0,0.0,0.0,0.0,0.0
Brain,Red Weed,0.0,0.0,0.0,0.0,0.0,0.0,0.0
Brain,Resveratrol,0.0,0.0,0.0,0.0,0.0,0.0,0.0
Brain,Rhodiola_Rosea,0.0,0.0,0.0,0.003528,0.003623,0.0030921099999999995,0.0
Brain,Saw_Palmetto,0.0,0.0,0.0,0.0,0.0,0.0,0.0
Brain,Sea_Moss,0.007221,0.006892,0.011372,0.009576,0.007221,0.006593,0.006309
Brain,Selenium,0.0,0.0,0.0,0.0,0.0,0.0,0.0
Brain,StJohns_Wort,0.0,0.0,0.0,0.0,0.0,0.0,0.0
Brain,Turmeric|Curcumin,0.010798,0.011878,0.012418,0.011938,0.011218,0.0,0.0
Brain,Valerian,0.0,0.0,0.0,0.0,0.0,0.0,0.0
Brain,VitaminA,0.0,0.0,0.0,0.0,0.0,0.0,0.0
Brain,VitaminC,0.010298,0.013575,0.009775,0.009547,0.021401,0.012056,0.023606
Brain,VitaminD,0.0,0.0,0.0,0.006712,0.0,0.0,0.004994
Brain,VitaminE,0.0,0.0,0.071436,0.060464,0.062625,0.0,0.0
Brain,Zeaxanthin,0.0,0.0,0.009742,0.009324,0.0,0.0,0.0
Brain,Zinc,0.009633,0.011451,0.01208,0.011094,0.010687,0.01012604,0.0
Digest,5HTP,0.0,0.0,0.0,0.0,0.0,0.0,0.0
Digest,ACV,0.041516,0.0,0.0,0.006963,0.044129,0.030883,0.03583
Digest,ALA,0.0,0.0,0.0,0.0,0.0,0.0,0.0
Digest,Artichoke,0.0,0.0,0.0,0.0,0.0,0.0,0.0
Digest,Ashwagandha,0.12001,0.120878,0.120797,0.099676,0.110072,0.118304,0.110089
Digest,Astaxanthin,0.0,0.0,0.0,0.0,0.0,0.0,0.0
Digest,B1,0.0,0.0,0.0,0.0,0.0,0.0,0.0
Digest,B12,0.330824,0.355261,0.760152,0.765263,0.414285,1.676541,0.43091
Digest,B2,0.039754,0.186817,0.0,0.0,0.177191,0.154256,0.140032
Digest,B3,0.0,0.0,0.0,0.0,0.0,0.0,0.0
Digest,B5,0.039754,0.186817,0.0,0.0,0.177191,0.154256,0.140032
Digest,B6,0.0,0.0,0.0,0.0,0.0,0.0,0.0
Digest,B7,0.0,0.0,0.0,0.0,0.0,0.0,0.0
Digest,B9,0.383319,0.557904,0.779463,0.786022,0.609632,1.848576,0.59755
Digest,BCAA,0.0,0.0,0.0,0.0,0.0,0.0,0.0
Digest,BHB_rasp_ketones,0.0,0.0,0.0,0.0,0.0,0.0,0.0
Digest,Bacopa,0.0,0.0,0.0,0.0,0.0,0.0,0.0
Digest,Beetroot,0.0,0.0,0.0,0.0,0.0,0.0,0.0
Digest,Berberine,0.0,0.0,0.0,0.0,0.0,0.0,0.0
Digest,Black Pepper,0.108233,0.119317,0.245726,0.239409,0.157253,0.163837,0.148793
Digest,Black_cohosh,0.0,0.0,0.0,0.0,0.0,0.0,0.0
Digest,Bromelain,0.020905,0.02343498,0.02782,0.028151,0.024233,0.021313,0.026252
Digest,Brown Weed,0.0,0.0,0.0,0.0,0.0,0.0,0.0
Digest,COQ10,0.0,0.0,0.0,0.0,0.0,0.0,0.0
Digest,Caffeine,0.0,0.0,0.0,0.0,0.0,0.0,0.0
Digest,Calcium,0.3047594,0.48748385,0.326454,0.295373,0.473766,0.468637,0.47648690000000005
Digest,Cayenne,0.041516,0.0,0.0,0.006963,0.044129,0.030883,0.03583
Digest,Chamomile,0.0,0.0,0.0,0.0,0.0,0.0,0.0
Digest,Chlorophyll,0.197859,0.167948,0.195777,0.20582,0.197386,0.22561587,0.223205
Digest,Choline,0.0,0.0,0.0,0.0,0.0,0.0,0.0
Digest,Chromium,0.0,0.0,0.0,0.0,0.0,0.0,0.0
Digest,Cinnamon,0.0,0.0,0.0,0.0,0.0,0.0,0.0
Digest,Citrulline,0.0,0.0,0.0,0.0,0.0,0.0,0.0
Digest,Collagen,0.0,0.0,0.0,0.0,0.0,0.0,0.0
Digest,Copper,0.0,0.0,0.0,0.0,0.0,0.0,0.0
Digest,Cranberry,0.0,0.0,0.0,0.0,0.0,0.0,0.0
Digest,Creatine,0.052685,0.054956,0.059948,0.055058,0.056654,0.06326232000000001,0.060296
Digest,Dandelion,0.0,0.0,0.0,0.0,0.0,0.0,0.0
Digest,Echinacea,0.0,0.0,0.0,0.031969,0.0,0.0,0.0
Digest,Elderberry,0.0,0.0,0.0,0.031969,0.0,0.0,0.0
Digest,Electrolyte,0.0,0.0,0.0,0.0,0.0,0.0,0.0
Digest,Enzymes,0.436,0.36404909,0.36725139,0.378227,0.34471682,0.44347216000000006,0.413379
Digest,Fenugreek,0.0,0.0,0.0,0.0,0.0,0.0,0.0
Digest,Fiber,0.2759764,0.43320385,0.91268,0.828497,0.576347,0.51464187,0.4747329
Digest,Fish_Oil,0.0,0.0,0.0,0.0,0.0,0.0,0.0
Digest,Flaxseed,0.0,0.0,0.0,0.0,0.0,0.0,0.0
Digest,Gaba,0.0,0.0,0.0,0.0,0.0,0.0,0.0
Digest,Garcinia_cambogia,0.041516,0.0,0.0,0.006963,0.044129,0.030883,0.03583
Digest,Garlic,0.0,0.0,0.0,0.0,0.001397,0.0,0.002994
Digest,Ginger,0.110223,0.180615,0.221237,0.243455,0.289472,0.14624675,0.284067
Digest,Ginkgo_Biloba,0.0,0.0,0.0,0.0,0.0,0.0,0.0
Digest,Ginseng,0.0,0.0,0.0,0.0,0.0,0.0,0.0
Digest,Glucosamine|Chondroitine,0.0,0.0,0.0,0.0,0.0,0.0,0.0
Digest,GrapeSeed,0.0,0.0,0.0,0.0,0.0,0.0,0.0
Digest,Green_coffee,0.0,0.0,0.0,0.0,0.0,0.0,0.0
Digest,Green_tea,0.0,0.0,0.0,0.0,0.0,0.0,0.0
Digest,Greens,0.197859,0.235786,0.302856,0.335422,0.350356,0.22561587,0.384169
Digest,Hemp,0.0,0.0,0.0,0.0,0.0,0.0,0.0
Digest,Horny Goat,0.0,0.0,0.0,0.0,0.0,0.0,0.0
Digest,Hyaluronic_Acid,0.0,0.0,0.0,0.0,0.0,0.0,0.0
Digest,Insomnia_Herbs,0.0,0.0,0.0,0.0,0.0,0.0,0.0
Digest,Iodine,0.0,0.0,0.0,0.0,0.0,0.0,0.0
Digest,Iron,0.514404,0.695652,0.931155,0.880945,0.746781,1.993445,0.735844
Digest,Kava,0.0,0.0,0.0,0.0,0.0,0.0,0.0
Digest,L-Carnitine,0.0,0.0,0.0,0.0,0.0,0.0,0.0
Digest,L-Glutamine,0.001933,0.00224,0.002801,0.0,0.00236,0.003255,0.002851
Digest,L-Lysine,0.0,0.0,0.0,0.0,0.0,0.0,0.0
Digest,L-Theanine,0.0,0.0,0.0,0.0,0.0,0.0,0.0
Digest,L-arginine,0.0,0.0,0.0,0.0,0.0,0.0,0.0
Digest,Lavender,0.0,0.0,0.0,0.0,0.0,0.0,0.0
Digest,Lutein,0.0,0.0,0.0,0.0,0.0,0.0,0.0
Digest,MCT,0.0,0.0,0.0,0.0,0.0,0.0,0.0
Digest,MSM,0.0,0.0,0.0,0.0,0.0,0.0,0.0
Digest,Magnesium,0.0,0.0,0.0,0.0,0.0,0.0,0.0
Digest,Manganese,0.0,0.0,0.0,0.0,0.0,0.0,0.0
Digest,Melatonin,0.0,0.0,0.0,0.0,0.0,0.0,0.0
Digest,Milk_Thistle,0.0,0.0,0.0,0.0,0.0,0.0,0.0
Digest,Mushrooms,0.0,0.0,0.0,0.0,0.0,0.0,0.0
Digest,Omega3,0.0,0.0,0.0,0.0,0.0,0.0,0.0
Digest,Omega6,0.0,0.0,0.0,0.0,0.0,0.0,0.0
Digest,Oregano,0.0,0.0,0.0,0.0,0.0,0.0,0.0
Digest,Potassium,0.0,0.0,0.0,0.0,0.0,0.0,0.0
Digest,Prebiotic,0.2481444,0.31490284999999996,0.351896,0.34368,0.336011,0.297336,0.2760899
Digest,Probiotic,0.97065,0.878484,0.836347,0.820809,0.878647,1.2274366600000002,0.875673
Digest,Psyllium,0.0,0.0,0.003497,0.003458,0.0,0.0,0.0
Digest,Quercetin,0.0,0.0,0.0,0.031969,0.0,0.0,0.0
Digest,Red Weed,0.0,0.0,0.0,0.0,0.0,0.0,0.0
Digest,Resveratrol,0.0,0.0,0.0,0.0,0.0,0.0,0.0
Digest,Rhodiola_Rosea,0.0,0.0,0.0,0.0,0.0,0.0,0.0
Digest,Saw_Palmetto,0.0,0.0,0.0,0.0,0.0,0.0,0.0
Digest,Sea_Moss,0.0,0.0,0.0,0.0,0.0,0.0,0.0
Digest,Selenium,0.0,0.0,0.0,0.0,0.0,0.0,0.0
Digest,StJohns_Wort,0.0,0.0,0.0,0.0,0.0,0.0,0.0
Digest,Turmeric|Curcumin,0.108233,0.119317,0.245726,0.239409,0.157253,0.163837,0.148793
Digest,Valerian,0.0,0.0,0.0,0.0,0.0,0.0,0.0
Digest,VitaminA,0.0,0.0,0.0,0.0,0.0,0.0,0.0
Digest,VitaminC,0.014918,0.016459,0.425463,0.47834,0.012989,0.43356,0.389329
Digest,VitaminD,0.3047594,0.48748385,0.326454,0.327342,0.473766,0.468637,0.47648690000000005
Digest,VitaminE,0.0,0.0,0.0,0.0,0.0,0.0,0.0
Digest,Zeaxanthin,0.0,0.0,0.0,0.0,0.0,0.0,0.0
Digest,Zinc,0.039754,0.186817,0.0,0.031969,0.177191,0.154256,0.140032
Energy,5HTP,0.133674,0.138949,0.212365,0.2206760833333333,0.105629,0.161965,0.11562
Energy,ACV,0.0,0.0,0.074906,0.021709,0.107113,0.0,0.0
Energy,ALA,0.004069,0.004,0.057702,0.037755,0.028176,0.024589,0.027428
Energy,Artichoke,0.0,0.0,0.0,0.0,0.0,0.0,0.0
Energy,Ashwagandha,0.215454,0.217756,0.205263,0.203997,0.228094,0.25251207666666664,0.260803
Energy,Astaxanthin,0.0,0.0,0.0,0.0,0.0,0.0,0.0
Energy,B1,0.02058726,0.035281,0.041385,0.043671,0.069604,0.067599,0.042452
Energy,B12,1.363442,1.236714,2.174274,2.12095614,1.643355,2.6376911799999996,1.875695
Energy,B2,0.024804,0.026741,0.032198,0.035957,0.037367,0.041816,0.033924
Energy,B3,0.019919,0.040022,0.029002,0.037428,0.038654,0.044639,0.039941
Energy,B5,0.012348,0.012251,0.016707,0.02352,0.025339,0.024622,0.016054
Energy,B6,0.056411,0.024711,0.054927,0.058989,0.061337,0.075614,0.037175
Energy,B7,0.433258,0.480764,0.795889,0.756018,0.516464,0.529598,0.504915
Energy,B9,0.573096,0.582396,0.9415,0.958286,0.704018,1.900349,0.67452
Energy,BCAA,0.122901,0.12922,0.127362,0.115837,0.110261,0.125651,0.122752
Energy,BHB_rasp_ketones,0.0,0.0,0.0,0.0,0.0,0.0,0.0
Energy,Bacopa,0.0,0.0,0.0,0.0,0.0,0.0,0.0
Energy,Beetroot,0.001658,0.0,0.0,0.0,0.0,0.0,0.0
Energy,Berberine,0.0,0.0,0.0,0.0,0.0,0.0,0.0
Energy,Black Pepper,0.0,0.0,0.0,0.009105,0.003323,0.005273966666666666,0.004003
Energy,Black_cohosh,0.0,0.0,0.0,0.0,0.0,0.0,0.0
Energy,Bromelain,0.0,0.0,0.0,0.0,0.0,0.0,0.0
Energy,Brown Weed,0.0,0.0,0.001358,0.0,0.0,0.0,0.0
Energy,COQ10,0.0,0.0,0.0,0.0,0.0,0.0,0.0
Energy,Caffeine,0.070779,0.097508,0.105171,0.110008,0.086692,0.12551371,0.11966
Energy,Calcium,0.0,0.0,0.0,0.0,0.0,0.0,0.0
Energy,Cayenne,0.0,0.0,0.0,0.0,0.0,0.0,0.0
Energy,Chamomile,0.0,0.0,0.0,0.0,0.0,0.0,0.0
Energy,Chlorophyll,0.007178,0.069001,0.023649,0.025799,0.027396,0.032309,0.027731
Energy,Choline,0.0,0.0,0.0,0.0,0.0,0.0,0.0
Energy,Chromium,0.001151,0.0,0.0,0.0,0.0,0.000267,0.0
Energy,Cinnamon,0.0,0.0,0.0,0.0,0.0,0.0,0.0
Energy,Citrulline,0.0,0.004786,0.008603,0.006547,0.006534,0.005781,0.004728
Energy,Collagen,0.0,0.0,0.0,0.0,0.0,0.0,0.0
Energy,Copper,0.0,0.0,0.0,0.0,0.0,0.0,0.0
Energy,Cranberry,0.0,0.0,0.0,0.0,0.0,0.0,0.0
Energy,Creatine,0.004431,0.0,0.0,0.0,0.001319,0.004076,0.012338
Energy,Dandelion,0.0,0.0,0.0,0.0,0.0,0.0,0.0
Energy,Echinacea,0.0,0.0,0.0,0.0,0.0,0.0,0.0
Energy,Elderberry,0.0,0.0,0.0,0.0,0.0,0.0,0.0
Energy,Electrolyte,0.022051,0.036852,0.051946,0.034187,0.013178,0.012833,0.01569
Energy,Enzymes,0.0,0.0,0.0,0.0,0.0,0.0,0.0
Energy,Fenugreek,0.0,0.0,0.0,0.0,0.0,0.0,0.0
Energy,Fiber,0.0,0.0,0.0,0.0,0.0,0.0,0.0
Energy,Fish_Oil,0.0,0.0,0.0,0.0,0.0,0.0,0.0
Energy,Flaxseed,0.0,0.0,0.0,0.0,0.0,0.0,0.0
Energy,Gaba,0.0,0.0,0.0,0.0,0.0,0.0,0.0
Energy,Garcinia_cambogia,0.0,0.0,0.0,0.0,0.0,0.0,0.0
Energy,Garlic,0.0,0.0,0.0,0.0,0.0,0.0,0.0
Energy,Ginger,0.087112,0.155335,0.194366,0.216301,0.263042,0.118304,0.260084
Energy,Ginkgo_Biloba,0.091437,0.091311,0.088826,0.082177,0.089529,0.08485434,0.087771
Energy,Ginseng,0.091437,0.091311,0.088826,0.085705,0.093152,0.08794645,0.087771
Energy,Glucosamine|Chondroitine,0.0,0.0,0.0,0.0,0.0,0.0,0.0
Energy,GrapeSeed,0.0,0.0,0.0,0.0,0.0,0.0,0.0
Energy,Green_coffee,0.0,0.0,0.0,0.0,0.0,0.0,0.0
Energy,Green_tea,0.0,0.001139,0.0,0.00205,0.002052,0.002338,0.002384
Energy,Greens,0.034052,0.153558,0.359389,0.19653,0.20726,0.058673,0.226383
Energy,Hemp,0.0,0.010182,0.013385,0.01101,0.010002,0.01104586,0.011747
Energy,Horny Goat,0.0,0.0,0.0,0.0,0.0,0.0,0.0
Energy,Hyaluronic_Acid,0.0,0.0,0.0,0.0,0.0,0.0,0.0
Energy,Insomnia_Herbs,0.0,0.0,0.0,0.0,0.0,0.0,0.0
Energy,Iodine,0.21828,0.184447,0.252593,0.227366,0.237417,0.246982,0.217246
Energy,Iron,0.787175,0.867174,1.496124,1.472776,0.924046,2.20374018,0.927357
Energy,Kava,0.0,0.0,0.0,0.0,0.0,0.0,0.0
Energy,L-Carnitine,0.0,0.0,0.001094,0.0,0.0,0.0,0.0
Energy,L-Glutamine,0.0,0.0,0.0,0.0,0.0,0.0,0.0
Energy,L-Lysine,0.0,0.0,0.0,0.0,0.0,0.0,0.0
Energy,L-Theanine,0.0,0.0,0.009742,0.011374,0.002052,0.002338,0.009104
Energy,L-arginine,0.015393,0.021422,0.023426,0.017669,0.021073,0.020813,0.019449
Energy,Lavender,0.0,0.0,0.0,0.0,0.0,0.0,0.0
Energy,Lutein,0.0,0.0,0.0,0.0,0.0,0.0,0.0
Energy,MCT,0.0,0.0,0.0,0.0,0.0,0.0,0.0
Energy,MSM,0.01608,0.01576,0.007506,0.010338,0.004742,0.005502,0.004478
Energy,Magnesium,0.067928,0.090094,0.10832,0.097065,0.122632,0.153157,0.78295
Energy,Manganese,0.0,0.0,0.0,0.0,0.0,0.0,0.0
Energy,Melatonin,0.0,0.0,0.0,0.0,0.0,0.0,0.0
Energy,Milk_Thistle,0.0,0.0,0.0,0.0,0.0,0.0,0.0
Energy,Mushrooms,0.0,0.0,0.0,0.0,0.0,0.0,0.0
Energy,Omega3,0.0,0.0,0.052253,0.037755,0.018428,0.022445,0.02473
Energy,Omega6,0.033806,0.043918,0.050974,0.055318,0.05012,0.050838440000000006,0.052444
Energy,Oregano,0.0,0.0,0.0,0.0,0.0,0.0,0.0
Energy,Potassium,0.022051,0.036852,0.010948,0.005906,0.013178,0.014629,0.01569
Energy,Prebiotic,0.0,0.0,0.0,0.0,0.0,0.0,0.0
Energy,Probiotic,0.0,0.0,0.0,0.0,0.0,0.0,0.0
Energy,Psyllium,0.0,0.0,0.0,0.0,0.0,0.0,0.0
Energy,Quercetin,0.0,0.0,0.0,0.0,0.0,0.0,0.0
Energy,Red Weed,0.0,0.0,0.0,0.0,0.0,0.0,0.0
Energy,Resveratrol,0.0,0.0,0.0,0.0,0.0,0.0,0.0
Energy,Rhodiola_Rosea,0.0,0.0,0.0,0.003528,0.003623,0.0030921099999999995,0.0
Energy,Saw_Palmetto,0.0,0.0,0.0,0.0,0.0,0.0,0.0
Energy,Sea_Moss,0.0,0.0,0.0,0.0,0.0,0.0,0.0
Energy,Selenium,0.0,0.0,0.001358,0.0,0.0,0.0,0.0
Energy,StJohns_Wort,0.0,0.0,0.0,0.0,0.0,0.0,0.0
Energy,Turmeric|Curcumin,0.0,0.0,0.0,0.0,0.0,0.0,0.0
Energy,Valerian,0.0,0.0,0.0,0.0,0.0,0.0,0.0
Energy,VitaminA,0.005297,0.005717,0.005737,0.004618,0.003798,0.00363818,0.003858
Energy,VitaminC,0.059129,0.070165,0.073113,0.102247,0.112181,0.053186,0.076191
Energy,VitaminD,0.070151,0.007163,0.097759,0.093544,0.052246,0.059588,0.074067
Energy,VitaminE,0.139384,0.150535,0.246363,0.209456,0.229239,0.1697498,0.173782
Energy,Zeaxanthin,0.0,0.0,0.009742,0.009324,0.0,0.0,0.0
Energy,Zinc,0.02889,0.027877,0.027447,0.03998,0.024388,0.03609,0.020876
Fitness,5HTP,0.0,0.0,0.0,0.0,0.0,0.0,0.0
Fitness,ACV,0.0,0.0,0.0,0.0,0.0,0.0,0.0
Fitness,ALA,0.0,0.0,0.0,0.0,0.0,0.0,0.0
Fitness,Artichoke,0.0,0.0,0.0,0.0,0.0,0.0,0.0
Fitness,Ashwagandha,0.0,0.0,0.0,0.0,0.0,0.0,0.0
Fitness,Astaxanthin,0.0,0.0,0.0,0.0,0.0,0.0,0.0
Fitness,B1,0.0,0.0,0.0,0.0,0.0,0.0,0.0
Fitness,B12,0.0,0.0,0.0,0.0,0.0,0.0,0.0
Fitness,B2,0.0,0.0,0.0,0.0,0.0,0.0,0.0
Fitness,B3,0.044533,0.050816,0.051828,0.063114,0.057688,0.067375,0.062365
Fitness,B5,0.0,0.0,0.001947,0.0,0.0,0.0,0.0
Fitness,B6,0.0,0.019844,0.0,0.0,0.0,0.0,0.0
Fitness,B7,0.0,0.0,0.0,0.0,0.0,0.0,0.0
Fitness,B9,0.0,0.0,0.0,0.0,0.0,0.0,0.0
Fitness,BCAA,0.139586,0.14609,0.146671,0.130958,0.124642,0.14163,0.138462
Fitness,BHB_rasp_ketones,0.0,0.0,0.0,0.0,0.0,0.0,0.0
Fitness,Bacopa,0.0,0.0,0.0,0.0,0.0,0.0,0.0
Fitness,Beetroot,0.0,0.0,0.0,0.0,0.0,0.0,0.0
Fitness,Berberine,0.0,0.0,0.0,0.0,0.0,0.0,0.0
Fitness,Black Pepper,0.0,0.0,0.0,0.0,0.0,0.0,0.0
Fitness,Black_cohosh,0.0,0.0,0.0,0.0,0.0,0.0,0.0
Fitness,Bromelain,0.0,0.0,0.0,0.0,0.0,0.0,0.0
Fitness,Brown Weed,0.004735,0.004515,0.004555,0.005415,0.004416,0.004136,0.0
Fitness,COQ10,0.0,0.0,0.0,0.0,0.0,0.0,0.0
Fitness,Caffeine,0.065386,0.059131,0.073646,0.070862,0.072022,0.081972,0.077783
Fitness,Calcium,0.098155,0.114475,0.161902,0.132701,0.079663,0.09814504,0.139409
Fitness,Cayenne,0.0,0.0,0.0,0.0,0.0,0.0,0.0
Fitness,Chamomile,0.0,0.0,0.0,0.0,0.0,0.0,0.0
Fitness,Chlorophyll,0.0,0.0,0.0,0.0,0.0,0.0,0.0
Fitness,Choline,0.0,0.0,0.0,0.0,0.0,0.0,0.0
Fitness,Chromium,0.0,0.0,0.0,0.0,0.0,0.0,0.0
Fitness,Cinnamon,0.0,0.0,0.0,0.0,0.0,0.0,0.0
Fitness,Citrulline,0.088237,0.013128,0.017585,0.01566,0.091552,0.113336,0.069928
Fitness,Collagen,0.0,0.0,0.0,0.0,0.0,0.0,0.0
Fitness,Copper,0.0,0.0,0.0,0.0,0.0,0.0,0.0
Fitness,Cranberry,0.0,0.0,0.0,0.0,0.0,0.0,0.0
Fitness,Creatine,0.125614,0.123427,0.142344,0.13644,0.147414,0.150926,0.176069
Fitness,Dandelion,0.0,0.0,0.0,0.0,0.0,0.0,0.0
Fitness,Echinacea,0.0,0.0,0.0,0.0,0.0,0.0,0.0
Fitness,Elderberry,0.0,0.0,0.0,0.0,0.0,0.0,0.0
Fitness,Electrolyte,0.116393,0.143925,0.128092,0.137317,0.097793,0.09951803999999999,0.06836
Fitness,Enzymes,0.0,0.0,0.0,0.0,0.0,0.0,0.0
Fitness,Fenugreek,0.0,0.0,0.0,0.0,0.0,0.0,0.0
Fitness,Fiber,0.0,0.0,0.0,0.0,0.0,0.0,0.0
Fitness,Fish_Oil,0.0,0.0,0.0,0.0,0.0,0.0,0.0
Fitness,Flaxseed,0.0,0.0,0.0,0.0,0.0,0.0,0.0
Fitness,Gaba,0.0,0.0,0.0,0.0,0.0,0.0,0.0
Fitness,Garcinia_cambogia,0.0,0.0,0.0,0.0,0.0,0.0,0.0
Fitness,Garlic,0.0,0.0,0.0,0.0,0.0,0.0,0.0
Fitness,Ginger,0.0,0.0,0.0,0.0,0.0,0.0,0.0
Fitness,Ginkgo_Biloba,0.0,0.0,0.0,0.0,0.0,0.0,0.0
Fitness,Ginseng,0.0,0.0,0.0,0.0,0.0,0.0,0.0
Fitness,Glucosamine|Chondroitine,0.0,0.0,0.0,0.0,0.0,0.0,0.0
Fitness,GrapeSeed,0.0,0.0,0.0,0.0,0.0,0.0,0.0
Fitness,Green_coffee,0.0,0.0,0.0,0.0,0.0,0.0,0.0
Fitness,Green_tea,0.0,0.0,0.0,0.0,0.0,0.0,0.0
Fitness,Greens,0.0,0.0,0.0,0.0,0.0,0.0,0.0
Fitness,Hemp,0.0,0.0,0.0,0.0,0.0,0.0,0.0
Fitness,Horny Goat,0.0,0.0,0.0,0.0,0.0,0.0,0.0
Fitness,Hyaluronic_Acid,0.0,0.0,0.0,0.0,0.0,0.0,0.0
Fitness,Insomnia_Herbs,0.0,0.0,0.0,0.0,0.0,0.0,0.0
Fitness,Iodine,0.004735,0.004515,0.004555,0.005415,0.004416,0.004136,0.0
Fitness,Iron,0.0,0.0,0.0,0.0,0.01267,0.006831,0.009591
Fitness,Kava,0.0,0.0,0.0,0.0,0.0,0.0,0.0
Fitness,L-Carnitine,0.0,0.0,0.0,0.0,0.0,0.0,0.0
Fitness,L-Glutamine,0.019466,0.020783,0.022399,0.020714,0.006554,0.006219,0.002851
Fitness,L-Lysine,0.089927,0.091885,0.102711,0.098477,0.099595,0.0,0.085213
Fitness,L-Theanine,0.0,0.0,0.0,0.0,0.0,0.0,0.0
Fitness,L-arginine,0.095863,0.119146,0.104772,0.089587,0.095989,0.119104,0.073943
Fitness,Lavender,0.0,0.0,0.0,0.0,0.0,0.0,0.0
Fitness,Lutein,0.0,0.0,0.0,0.0,0.0,0.0,0.0
Fitness,MCT,0.0,0.0,0.0,0.0,0.0,0.0,0.0
Fitness,MSM,0.0,0.0,0.0,0.0,0.0,0.0,0.0
Fitness,Magnesium,1.005811,1.141898,0.70261,0.817535,0.969777,0.45841204,1.108608
Fitness,Manganese,0.0,0.0,0.0,0.0,0.0,0.0,0.0
Fitness,Melatonin,0.0,0.0,0.0,0.0,0.0,0.0,0.0
Fitness,Milk_Thistle,0.0,0.0,0.0,0.0,0.0,0.0,0.0
Fitness,Mushrooms,0.0,0.0,0.0,0.0,0.0,0.0,0.0
Fitness,Omega3,0.0,0.0,0.0,0.0,0.0,0.0,0.0
Fitness,Omega6,0.033806,0.035847,0.040759,0.039616,0.039765,0.041333,0.044156
Fitness,Oregano,0.0,0.0,0.0,0.0,0.0,0.0,0.0
Fitness,Potassium,0.088067,0.107639,0.064954,0.09834,0.140745,0.10584903999999999,0.112998
Fitness,Prebiotic,0.0,0.0,0.0,0.0,0.0,0.0,0.0
Fitness,Probiotic,0.0,0.0,0.0,0.0,0.0,0.0,0.0
Fitness,Psyllium,0.0,0.0,0.0,0.0,0.0,0.0,0.0
Fitness,Quercetin,0.0,0.0,0.0,0.0,0.0,0.0,0.0
Fitness,Red Weed,0.0,0.0,0.0,0.0,0.0,0.0,0.0
Fitness,Resveratrol,0.0,0.0,0.0,0.0,0.0,0.0,0.0
Fitness,Rhodiola_Rosea,0.0,0.0,0.0,0.0,0.0,0.0,0.0
Fitness,Saw_Palmetto,0.0,0.0,0.0,0.0,0.0,0.0,0.0
Fitness,Sea_Moss,0.0,0.0,0.0,0.0,0.0,0.0,0.0
Fitness,Selenium,0.0,0.0,0.0,0.0,0.0,0.0,0.0
Fitness,StJohns_Wort,0.0,0.0,0.0,0.0,0.0,0.0,0.0
Fitness,Turmeric|Curcumin,0.0,0.0,0.0,0.0,0.0,0.0,0.0
Fitness,Valerian,0.0,0.0,0.0,0.0,0.0,0.0,0.0
Fitness,VitaminA,0.0,0.0,0.0,0.0,0.0,0.0,0.0
Fitness,VitaminC,0.0,0.0,0.0,0.0,0.01267,0.0,0.003663
Fitness,VitaminD,0.157178,0.202144,0.558955,0.606737,0.322738,0.281022,0.436229
Fitness,VitaminE,0.0,0.0,0.0,0.0,0.0,0.0,0.0
Fitness,Zeaxanthin,0.0,0.0,0.0,0.0,0.0,0.0,0.0
Fitness,Zinc,0.031571,0.038061,0.041429,0.045014,0.033383,0.044610040000000004,0.031114
Immune,5HTP,0.0,0.0,0.0,0.0,0.0,0.0,0.0
Immune,ACV,0.0,0.0,0.0,0.0,0.0,0.0,0.0
Immune,ALA,0.0,0.0,0.0,0.0,0.0,0.0,0.0
Immune,Artichoke,0.0,0.0,0.0,0.0,0.0,0.0,0.0
Immune,Ashwagandha,0.0,0.0,0.0,0.009105,0.003323,0.005273966666666666,0.001254
Immune,Astaxanthin,0.0,0.0,0.0,0.0,0.0,0.0,0.0
Immune,B1,0.029029,0.032058,0.037971,0.042568,0.052696,0.052045,0.038312
Immune,B12,0.010373,0.032037,0.016707,0.020926,0.022267,0.024622,0.016054
Immune,B2,0.010373,0.012251,0.016707,0.020926,0.022267,0.024622,0.016054
Immune,B3,0.010373,0.012251,0.016707,0.020926,0.022267,0.024622,0.016054
Immune,B5,0.010373,0.012251,0.016707,0.020926,0.022267,0.024622,0.016054
Immune,B6,0.049884,0.053923,0.060954,0.066445,0.0638,0.074573,0.061394
Immune,B7,0.01432,0.016527,0.020429549999999998,0.024095,0.025676,0.028239900000000002,0.019941
Immune,B9,0.0,0.0,0.005524,0.006963,0.008721,0.012824,0.006444
Immune,BCAA,0.0,0.0,0.0,0.0,0.0,0.0,0.0
Immune,BHB_rasp_ketones,0.0,0.0,0.0,0.0,0.0,0.0,0.0
Immune,Bacopa,0.0,0.0,0.0,0.0,0.0,0.0,0.0
Immune,Beetroot,0.0,0.0,0.0,0.0,0.0,0.0,0.0
Immune,Berberine,0.0,0.0,0.0,0.0,0.0,0.0,0.0
Immune,Black Pepper,0.021837,0.021165,0.027717,0.03195,0.027008,0.03374657666666666,0.027123
Immune,Black_cohosh,0.0,0.0,0.0,0.0,0.0,0.0,0.0
Immune,Bromelain,0.0,0.0,0.0,0.0,0.0,0.0,0.0
Immune,Brown Weed,0.007221,0.006892,0.011372,0.009576,0.007221,0.006593,0.006309
Immune,COQ10,0.0,0.0,0.0,0.0,0.0,0.0,0.0
Immune,Caffeine,0.0,0.0,0.0,0.0,0.0,0.0,0.0
Immune,Calcium,0.319762,0.310121,0.264149,0.267134,0.281626,0.156676,0.293587
Immune,Cayenne,0.0,0.0,0.0,0.0,0.0,0.0,0.0
Immune,Chamomile,0.0,0.0,0.0,0.0,0.0,0.0,0.0
Immune,Chlorophyll,0.239616,0.277322,0.254527,0.25908,0.252648,0.28608491999999996,0.277805
Immune,Choline,0.0,0.0,0.0,0.0,0.0,0.0,0.0
Immune,Chromium,0.003947,0.004276,0.00372255,0.003169,0.003409,0.0036179,0.003887
Immune,Cinnamon,0.003947,0.004276,0.00372255,0.003169,0.003409,0.0036179,0.003887
Immune,Citrulline,0.0,0.0,0.0,0.0,0.0,0.0,0.0
Immune,Collagen,0.0,0.0,0.0,0.0,0.0,0.0,0.0
Immune,Copper,0.009868,0.010033100000000001,0.013401,0.018297,0.011571,0.003821,0.001649
Immune,Cranberry,0.0,0.0,0.0,0.0,0.0,0.0,0.0
Immune,Creatine,0.0,0.0,0.0,0.0,0.0,0.0,0.0
Immune,Dandelion,0.0,0.0,0.0,0.0,0.0,0.0,0.0
Immune,Echinacea,0.375831,0.484758,0.644583,0.814673,0.674946,0.429901,0.62361
Immune,Elderberry,0.029003,0.027339,0.047659,0.114103,0.080818,0.05512,0.131425
Immune,Electrolyte,0.0,0.0,0.0,0.0,0.0,0.0,0.0
Immune,Enzymes,0.002844,0.00261,0.008272,0.014149,0.012316,0.008262,0.0
Immune,Fenugreek,0.0,0.0,0.0,0.0,0.0,0.0,0.0
Immune,Fiber,0.197859,0.185938,0.195777,0.20582,0.197386,0.25116587,0.223205
Immune,Fish_Oil,0.0,0.0,0.0,0.0,0.0,0.0,0.0
Immune,Flaxseed,0.0,0.0,0.0,0.0,0.0,0.0,0.0
Immune,Gaba,0.029618,0.031629,0.03215,0.032343,0.029391,0.035546,0.034622
Immune,Garcinia_cambogia,0.0,0.0,0.0,0.0,0.0,0.0,0.0
Immune,Garlic,0.193053,0.19955,0.218715,0.219049,0.085994,0.154942,0.247417
Immune,Ginger,0.36421,0.364839,0.550101,0.686911,0.746619,0.29702460999999997,0.533306
Immune,Ginkgo_Biloba,0.0,0.0,0.0,0.0,0.0,0.0,0.0
Immune,Ginseng,0.0,0.0,0.0,0.0,0.0,0.0,0.0
Immune,Glucosamine|Chondroitine,0.462128,0.444157,0.312976,0.38683,0.475243,0.648028,0.453683
Immune,GrapeSeed,0.007237,0.01094,0.009253,0.009613,0.03407,0.016229,0.035603
Immune,Green_coffee,0.0,0.0,0.0,0.0,0.0,0.0,0.0
Immune,Green_tea,0.0,0.0,0.0,0.0,0.0,0.0,0.0
Immune,Greens,0.250267,0.354496,0.672974,0.522213,0.432512,0.3165938925,0.470281
Immune,Hemp,0.0,0.010182,0.013385,0.01101,0.010002,0.01104586,0.011747
Immune,Horny Goat,0.0,0.0,0.0,0.0,0.0,0.0,0.0
Immune,Hyaluronic_Acid,0.0,0.0,0.0,0.0,0.0,0.0,0.0
Immune,Insomnia_Herbs,0.029618,0.031629,0.03215,0.032343,0.029391,0.035546,0.034622
Immune,Iodine,0.021729,0.020572,0.026132,0.023832,0.021873,0.021998,0.006309
Immune,Iron,0.0,0.0,0.0,0.0,0.01267,0.0,0.003663
Immune,Kava,0.0,0.0,0.0,0.0,0.0,0.0,0.0
Immune,L-Carnitine,0.0,0.0,0.0,0.0,0.0,0.0,0.0
Immune,L-Glutamine,0.017533,0.016642,0.017946,0.020714,0.002665,0.002964,0.0
Immune,L-Lysine,0.266909,0.272021,0.282107,0.29886,0.16542,0.22256,0.31459
Immune,L-Theanine,0.0,0.0,0.0,0.0,0.0,0.0,0.0
Immune,L-arginine,0.0,0.0,0.0,0.0,0.0,0.0,0.0
Immune,Lavender,0.0,0.0,0.0,0.0,0.0,0.0,0.0
Immune,Lutein,0.0,0.0,0.0,0.0,0.0,0.0,0.0
Immune,MCT,0.0,0.0,0.0,0.0,0.0,0.0,0.0
Immune,MSM,0.207976,0.213346,0.121604,0.175109,0.152955,0.198236,0.150791
Immune,Magnesium,0.093365,0.093227,0.15506455,0.175272,0.125931,0.1045309,0.167096
Immune,Manganese,0.003947,0.004276,0.00372255,0.003169,0.003409,0.0036179,0.003887
Immune,Melatonin,0.040704,0.043141,0.052181,0.054976,0.054945,0.0674,0.992863
Immune,Milk_Thistle,0.0,0.0,0.0,0.0,0.0,0.0,0.0
Immune,Mushrooms,0.0,0.0,0.0,0.0,0.024612,0.0,0.025129
Immune,Omega3,0.0,0.0,0.0,0.0,0.0,0.0,0.0
Immune,Omega6,0.001748,0.0,0.003606,0.004398,0.0,0.004331,0.0
Immune,Oregano,0.0,0.0,0.0,0.0,0.0,0.0,0.0
Immune,Potassium,0.0,0.0,0.0,0.0,0.0,0.0,0.0
Immune,Prebiotic,0.15179,0.194656,0.179266,0.201771,0.195284,0.234332,0.192612
Immune,Probiotic,0.157878,0.182728,0.185678,0.207673,0.20062,0.214792,0.19873
Immune,Psyllium,0.0,0.0,0.0,0.0,0.0,0.0,0.0
Immune,Quercetin,0.003779,0.007586,0.003574,0.038505,0.009082,0.011304,0.0
Immune,Red Weed,0.0,0.0,0.0,0.0,0.0,0.0,0.0
Immune,Resveratrol,0.0,0.004939,0.0,0.0,0.0,0.004479,0.0
Immune,Rhodiola_Rosea,0.0,0.0,0.0,0.0,0.0,0.0,0.0
Immune,Saw_Palmetto,0.0,0.0,0.0,0.0,0.0,0.0,0.0
Immune,Sea_Moss,0.007221,0.006892,0.011372,0.009576,0.007221,0.006593,0.006309
Immune,Selenium,0.412148,0.354171,0.55117,0.686876,0.725199,0.385988,0.445358
Immune,StJohns_Wort,0.0,0.0,0.0,0.0,0.0,0.0,0.0
Immune,Turmeric|Curcumin,0.02584,0.026607,0.03343,0.027098,0.029752,0.03368561,0.030956
Immune,Valerian,0.029618,0.031629,0.03215,0.032343,0.029391,0.035546,0.034622
Immune,VitaminA,0.042262,0.04205,0.069325,0.109272,0.096105,0.146716,0.157009
Immune,VitaminC,1.650888,1.849662,3.5930795499999997,4.340450491666667,1.957485,2.4932589,3.141452
Immune,VitaminD,0.860547,0.830651,0.947503,1.137118,0.973598,1.063906,1.084841
Immune,VitaminE,0.367915,0.308784,0.489545,0.661039,0.671296,0.405406,0.543007
Immune,Zeaxanthin,0.0,0.0,0.0,0.0,0.0,0.0,0.0
Immune,Zinc,1.067286,1.196691,2.32588955,3.021902491666667,1.853866,1.8763938999999998,2.520328
Joints,5HTP,0.0,0.0,0.0,0.0,0.0,0.0,0.0
Joints,ACV,0.0,0.0,0.0,0.0,0.0,0.0,0.0
Joints,ALA,0.0,0.0,0.0,0.0,0.0,0.0,0.0
Joints,Artichoke,0.0,0.0,0.0,0.0,0.0,0.0,0.0
Joints,Ashwagandha,0.0,0.0,0.0,0.0,0.0,0.0,0.0
Joints,Astaxanthin,0.0,0.0,0.0,0.0,0.0,0.0,0.0
Joints,B1,0.0,0.0,0.0,0.0,0.0,0.0,0.0
Joints,B12,0.17432,0.102812,0.131074,0.10576113999999999,0.143765,0.116984,0.16336
Joints,B2,0.039754,0.186817,0.337199,0.214495,0.177191,0.154256,0.140032
Joints,B3,0.0,0.015467,0.009945,0.010048,0.008772,0.011856,0.011463
Joints,B5,0.039754,0.186817,0.337199,0.214495,0.177191,0.154256,0.140032
Joints,B6,0.0,0.0,0.0,0.0,0.0,0.0,0.0
Joints,B7,0.0,0.0,0.0,0.0,0.0,0.0,0.0
Joints,B9,0.220363,0.344552,0.562065,0.332335,0.38661,0.401748,0.268322
Joints,BCAA,0.0,0.0,0.0,0.0,0.0,0.0,0.0
Joints,BHB_rasp_ketones,0.0,0.0,0.0,0.0,0.0,0.0,0.0
Joints,Bacopa,0.0,0.0,0.0,0.0,0.0,0.0,0.0
Joints,Beetroot,0.0,0.0,0.0,0.0,0.0,0.0,0.0
Joints,Berberine,0.0,0.0,0.0,0.0,0.0,0.0,0.0
Joints,Black Pepper,0.266241,0.254454,0.417031,0.411357,0.334057,0.38634991999999996,0.340416
Joints,Black_cohosh,0.0,0.0,0.0,0.0,0.0,0.0,0.0
Joints,Bromelain,0.2065,0.253745,0.157937,0.116625,0.243898,0.239506,0.234048
Joints,Brown Weed,0.009393,0.008146,0.008958,0.0,0.009219,0.009596,0.008494
Joints,COQ10,0.0,0.0,0.0,0.0,0.0,0.0,0.0
Joints,Caffeine,0.0,0.0,0.0,0.0,0.0,0.0,0.0
Joints,Calcium,2.1569294,2.3909188500000003,2.91558,2.758832,2.258119,2.05394522,2.3340639
Joints,Cayenne,0.0,0.0,0.0,0.0,0.0,0.0,0.0
Joints,Chamomile,0.0,0.0,0.0,0.0,0.0,0.0,0.0
Joints,Chlorophyll,0.0,0.0,0.0,0.0,0.0,0.0,0.0
Joints,Choline,0.0,0.0,0.0,0.0,0.0,0.0,0.0
Joints,Chromium,0.0,0.0,0.0,0.0,0.0,0.0,0.0
Joints,Cinnamon,0.0,0.0,0.0,0.0,0.0,0.0,0.0
Joints,Citrulline,0.0,0.0,0.0,0.0,0.0,0.0,0.0
Joints,Collagen,0.335277,0.349329,0.416349,0.341359,0.380526,0.83677671,0.392962
Joints,Copper,0.0,0.0,0.0,0.0,0.0,0.0,0.0
Joints,Cranberry,0.0,0.0,0.0,0.0,0.0,0.0,0.0
Joints,Creatine,0.0,0.0,0.0,0.0,0.0,0.0,0.0
Joints,Dandelion,0.0,0.02454,0.034559,0.019443,0.029198,0.033812,0.02911
Joints,Echinacea,0.181017,0.184834,0.199855,0.19927,0.0,0.0,0.209121
Joints,Elderberry,0.0,0.0,0.0,0.0,0.0,0.0,0.0
Joints,Electrolyte,0.009633,0.011451,0.01208,0.017949,0.010687,0.01738022,0.0
Joints,Enzymes,0.400655,0.463408,0.469627,0.378,0.295681,0.450646,0.523865
Joints,Fenugreek,0.0,0.0,0.0,0.0,0.0,0.0,0.0
Joints,Fiber,0.0098934,0.02570785,0.067542,0.047912,0.014555,0.0,0.0166389
Joints,Fish_Oil,0.0,0.0,0.0,0.0,0.0,0.0,0.0
Joints,Flaxseed,0.0,0.0,0.0,0.0,0.0,0.0,0.0
Joints,Gaba,0.0,0.0,0.0,0.0,0.0,0.0,0.0
Joints,Garcinia_cambogia,0.0,0.0,0.0,0.0,0.0,0.0,0.0
Joints,Garlic,0.200153,0.205079,0.220419,0.220282,0.020969,0.0,0.209121
Joints,Ginger,0.021837,0.021165,0.027717,0.022845,0.023685,0.07103161,0.07665
Joints,Ginkgo_Biloba,0.0,0.0,0.0,0.0,0.0,0.0,0.0
Joints,Ginseng,0.0,0.0,0.0,0.0,0.0,0.0,0.0
Joints,Glucosamine|Chondroitine,1.576825,1.64770262,1.7962285500000001,1.757453808,2.247634,2.2532851799999998,2.083811
Joints,GrapeSeed,0.0,0.004939,0.0,0.0,0.0,0.004479,0.0
Joints,Green_coffee,0.0,0.0,0.0,0.0,0.0,0.0,0.0
Joints,Green_tea,0.0,0.0,0.0,0.0,0.0,0.0,0.0
Joints,Greens,0.027961,0.028527,0.030648,0.016682,0.033734,0.03731,0.03056
Joints,Hemp,0.0,0.010182,0.013385,0.01101,0.010002,0.01104586,0.011747
Joints,Horny Goat,0.0,0.0,0.0,0.0,0.0,0.0,0.0
Joints,Hyaluronic_Acid,0.027243,0.069522,0.18563258000000002,0.196595,0.14483,0.11439085,0.110761
Joints,Insomnia_Herbs,0.007439,0.006922,0.007356,0.006239,0.007375,0.010915,0.00911
Joints,Iodine,0.14851,0.155692,0.183791,0.100834,0.146563,0.219928,0.098305
Joints,Iron,0.17928,0.332712,0.167827,0.085201,0.315269,0.357534,0.228597
Joints,Kava,0.0,0.0,0.0,0.0,0.0,0.0,0.0
Joints,L-Carnitine,0.0,0.0,0.001094,0.0,0.0,0.0,0.0
Joints,L-Glutamine,0.0,0.0,0.0,0.0,0.0,0.0,0.0
Joints,L-Lysine,0.207354,0.211863,0.224459,0.235915,0.032813,0.026739,0.239801
Joints,L-Theanine,0.0,0.0,0.0,0.0,0.0,0.0,0.0
Joints,L-arginine,0.0,0.0,0.0,0.0,0.0,0.0,0.0
Joints,Lavender,0.0,0.0,0.0,0.0,0.0,0.0,0.0
Joints,Lutein,0.122801,0.137653,0.144683,0.141487,0.146959,0.162656,0.154145
Joints,MCT,0.0,0.0,0.0,0.0,0.0,0.0,0.0
Joints,MSM,1.129832,1.25671262,1.31606255,1.351993,1.864458,1.63911818,1.629399
Joints,Magnesium,1.649044,1.627534,1.505389,1.701757,1.482603,0.9829442199999999,1.546726
Joints,Manganese,0.009554,0.008913,0.008537,0.003982,0.144773,0.117299,0.009734
Joints,Melatonin,0.0,0.0,0.0,0.0,0.0,0.0,0.050281
Joints,Milk_Thistle,0.0,0.0,0.0,0.0,0.0,0.0,0.0
Joints,Mushrooms,0.0,0.0,0.0,0.0,0.0,0.0,0.0
Joints,Omega3,0.064656,0.088363,0.126131,0.135563,0.13403,0.129095,0.172504
Joints,Omega6,0.0,0.0,0.0,0.0,0.0,0.0,0.0
Joints,Oregano,0.0,0.0,0.0,0.0,0.0,0.0,0.0
Joints,Potassium,0.14666,0.065366,0.127224,0.152451,0.071463,0.12803522,0.110205
Joints,Prebiotic,0.0098934,0.02570785,0.067542,0.047912,0.014555,0.0,0.0166389
Joints,Probiotic,0.0,0.0,0.105913,0.155486,0.0,0.0,0.0
Joints,Psyllium,0.0,0.0,0.0,0.0,0.0,0.0,0.0
Joints,Quercetin,0.11847,0.156277,0.131445,0.137092,0.148302,0.14945231,0.144046
Joints,Red Weed,0.0,0.0,0.0,0.0,0.0,0.0,0.0
Joints,Resveratrol,0.0,0.004939,0.0,0.0,0.0,0.004479,0.0
Joints,Rhodiola_Rosea,0.0,0.0,0.0,0.0,0.0,0.0,0.0
Joints,Saw_Palmetto,0.0,0.0,0.0,0.0,0.0,0.0,0.0
Joints,Sea_Moss,0.0,0.0,0.0,0.0,0.0,0.0,0.0
Joints,Selenium,0.008985,0.016524,0.023619,0.025821,0.026088,0.01628,0.017184
Joints,StJohns_Wort,0.0,0.0,0.0,0.0,0.0,0.0,0.0
Joints,Turmeric|Curcumin,1.194955,1.22968162,1.6402589699999999,1.619559,1.361977,1.5252618933333335,1.388181
Joints,Valerian,0.007439,0.006922,0.007356,0.006239,0.007375,0.010915,0.00911
Joints,VitaminA,0.0,0.0,0.0,0.0,0.0,0.0,0.0
Joints,VitaminC,0.690912,0.720721,0.85028,0.705447,0.554042,0.585362,0.7536
Joints,VitaminD,2.2214904,2.52783385,3.039357,3.066026,2.542818,2.32427,2.5300419
Joints,VitaminE,0.263729,0.288188,0.391046,0.350943,0.376198,0.33240580000000003,0.327927
Joints,Zeaxanthin,0.122801,0.137653,0.144683,0.141487,0.146959,0.162656,0.154145
Joints,Zinc,0.457202,0.649611,0.89171,0.808936,0.675163,0.5142540400000001,0.542989
Stress_Sleep,5HTP,0.131664,0.135032,0.199477,0.2095850833333333,0.101351,0.156132,0.186931
Stress_Sleep,ACV,0.0,0.0,0.0,0.0,0.0,0.0,0.0
Stress_Sleep,ALA,0.292632,0.248965,0.280706,0.210593,0.221225,0.192343,0.259631
Stress_Sleep,Artichoke,0.0,0.0,0.0,0.0,0.0,0.0,0.0
Stress_Sleep,Ashwagandha,0.248352,0.251137,0.237415,0.203997,0.243318,0.25251207666666664,0.28861
Stress_Sleep,Astaxanthin,0.0,0.0,0.0,0.0,0.0,0.0,0.0
Stress_Sleep,B1,0.30783026,0.275975,0.315551,0.244281,0.283916,0.253753,0.295998
Stress_Sleep,B12,0.973104,0.923029,1.312147,1.089641,1.304412,0.765143,1.347543
Stress_Sleep,B2,0.000941,0.0,0.005524,0.006963,0.008721,0.013803,0.006444
Stress_Sleep,B3,0.006366,0.010269,0.005524,0.013417,0.011648,0.017254,0.014844
Stress_Sleep,B5,0.001975,0.0,0.005524,0.009557,0.011793,0.012824,0.006444
Stress_Sleep,B6,0.603649,0.54072,0.614326,0.47442671599999997,0.523946,0.555716,0.482666
Stress_Sleep,B7,0.0,0.0,0.005524,0.006963,0.008721,0.012824,0.006444
Stress_Sleep,B9,0.044434,0.0,0.038927,0.03571,0.030946,0.037325,0.006444
Stress_Sleep,BCAA,0.0,0.0,0.0,0.0,0.0,0.0,0.0
Stress_Sleep,BHB_rasp_ketones,0.0,0.0,0.0,0.0,0.0,0.0,0.0
Stress_Sleep,Bacopa,0.0,0.0,0.0,0.0,0.0,0.0,0.0
Stress_Sleep,Beetroot,0.0,0.0,0.0,0.0,0.0,0.0,0.0
Stress_Sleep,Berberine,0.0,0.0,0.0,0.0,0.0,0.0,0.0
Stress_Sleep,Black Pepper,0.0,0.0,0.0,0.009105,0.003323,0.005273966666666666,0.004003
Stress_Sleep,Black_cohosh,0.0,0.0,0.0,0.0,0.0,0.0,0.0
Stress_Sleep,Bromelain,0.0,0.0,0.0,0.0,0.0,0.0,0.0
Stress_Sleep,Brown Weed,0.018836,0.018682,0.020604,0.020066,0.018605,0.021757,0.020489
Stress_Sleep,COQ10,0.0,0.0,0.0,0.0,0.0,0.0,0.0
Stress_Sleep,Caffeine,0.0,0.0,0.0,0.006399,0.0,0.0,0.0
Stress_Sleep,Calcium,0.11058,0.124936,0.098726,0.059914,0.075945,0.098375,0.099212
Stress_Sleep,Cayenne,0.0,0.0,0.0,0.0,0.0,0.0,0.0
Stress_Sleep,Chamomile,0.101807,0.090731,0.104023,0.089167,0.048611,0.047452,0.124738
Stress_Sleep,Chlorophyll,0.0,0.0,0.0,0.0,0.0,0.0,0.0
Stress_Sleep,Choline,0.002499,0.002178,0.0,0.002896,0.0,0.002145,0.00165
Stress_Sleep,Chromium,0.0,0.0,0.0,0.0,0.0,0.0,0.0
Stress_Sleep,Cinnamon,0.0,0.0,0.0,0.0,0.0,0.0,0.0
Stress_Sleep,Citrulline,0.0,0.0,0.0,0.0,0.0,0.0,0.000979
Stress_Sleep,Collagen,0.0,0.0,0.0,0.0,0.0,0.0,0.0
Stress_Sleep,Copper,0.001979,0.002003,0.002539,0.0,0.002086,0.003821,0.001649
Stress_Sleep,Cranberry,0.0,0.0,0.0,0.0,0.0,0.0,0.0
Stress_Sleep,Creatine,0.0,0.0,0.0,0.0,0.0,0.0,0.0
Stress_Sleep,Dandelion,0.0,0.0,0.0,0.0,0.0,0.0,0.0
Stress_Sleep,Echinacea,0.0,0.0,0.0,0.0,0.0,0.0,0.0
Stress_Sleep,Elderberry,0.0,0.0,0.0,0.0,0.0,0.0,0.0
Stress_Sleep,Electrolyte,0.0,0.0,0.0,0.0,0.0,0.0,0.0
Stress_Sleep,Enzymes,0.0,0.0,0.0,0.0,0.0,0.0,0.0
Stress_Sleep,Fenugreek,0.0,0.0,0.0,0.0,0.0,0.0,0.0
Stress_Sleep,Fiber,0.0,0.0,0.0,0.0,0.0,0.0,0.0
Stress_Sleep,Fish_Oil,0.0,0.0,0.0,0.0,0.0,0.0,0.0
Stress_Sleep,Flaxseed,0.0,0.0,0.0,0.0,0.0,0.0,0.0
Stress_Sleep,Gaba,0.044138,0.047229,0.04843,0.048397,0.045071,0.052186,0.174319
Stress_Sleep,Garcinia_cambogia,0.0,0.0,0.0,0.0,0.0,0.0,0.0
Stress_Sleep,Garlic,0.0,0.0,0.0,0.0,0.0,0.0,0.0
Stress_Sleep,Ginger,0.246724,0.208755,0.218602,0.193253,0.245185,0.230538,0.243289
Stress_Sleep,Ginkgo_Biloba,0.0,0.0,0.0,0.0,0.0,0.0,0.0
Stress_Sleep,Ginseng,0.0,0.0,0.0,0.003528,0.003623,0.0030921099999999995,0.0
Stress_Sleep,Glucosamine|Chondroitine,0.0,0.0,0.0,0.0,0.0,0.0,0.0
Stress_Sleep,GrapeSeed,0.01452,0.0156,0.01628,0.016054,0.01568,0.01664,0.204743
Stress_Sleep,Green_coffee,0.0,0.0,0.0,0.0,0.0,0.0,0.0
Stress_Sleep,Green_tea,0.0,0.0,0.0,0.0,0.0,0.0,0.0
Stress_Sleep,Greens,0.018836,0.018682,0.020604,0.020066,0.018605,0.021757,0.020489
Stress_Sleep,Hemp,0.0,0.010182,0.013385,0.01101,0.010002,0.01104586,0.011747
Stress_Sleep,Horny Goat,0.0,0.0,0.0,0.0,0.0,0.0,0.0
Stress_Sleep,Hyaluronic_Acid,0.0,0.0,0.0,0.0,0.0,0.0,0.0
Stress_Sleep,Insomnia_Herbs,0.818192,0.767055,0.211736,0.191511,0.093528,0.095801,0.248139
Stress_Sleep,Iodine,0.045907,0.046773,0.050502,0.049556,0.048357,0.055793,0.050095
Stress_Sleep,Iron,0.0,0.0,0.0,0.0,0.0,0.0,0.0
Stress_Sleep,Kava,0.0,0.0,0.0,0.0,0.006449,0.0,0.0
Stress_Sleep,L-Carnitine,0.0,0.0,0.001094,0.0,0.0,0.0,0.0
Stress_Sleep,L-Glutamine,0.0,0.0,0.0,0.0,0.0,0.0,0.0
Stress_Sleep,L-Lysine,0.0,0.0,0.0,0.0,0.0,0.0,0.0
Stress_Sleep,L-Theanine,0.01452,0.0156,0.01628,0.097814,0.063522,0.069442,0.249228
Stress_Sleep,L-arginine,0.0,0.0,0.0,0.0,0.0,0.0,0.000979
Stress_Sleep,Lavender,0.726766,0.677173,0.117671,0.103511,0.0,0.0,0.086081
Stress_Sleep,Lutein,0.0,0.0,0.0,0.0,0.0,0.0,0.0
Stress_Sleep,MCT,0.0,0.0,0.0,0.0,0.0,0.0,0.0
Stress_Sleep,MSM,0.0,0.0,0.0,0.0,0.0,0.0,0.0
Stress_Sleep,Magnesium,0.43287,0.543922,0.64608,0.527859,0.633502,0.519144,1.280597
Stress_Sleep,Manganese,0.00079,0.0,0.0,0.0015,0.0,0.0,0.0
Stress_Sleep,Melatonin,1.049756,0.950778,0.44887,0.36753671599999993,0.379247,0.526621355,3.625325
Stress_Sleep,Milk_Thistle,0.0,0.0,0.0,0.0,0.0,0.0,0.0
Stress_Sleep,Mushrooms,0.0,0.0,0.0,0.0,0.0,0.0,0.0
Stress_Sleep,Omega3,0.292632,0.248965,0.280706,0.210593,0.221225,0.192343,0.259631
Stress_Sleep,Omega6,0.0,0.0,0.0,0.006399,0.0,0.0,0.0
Stress_Sleep,Oregano,0.0,0.0,0.0,0.0,0.0,0.0,0.0
Stress_Sleep,Potassium,0.043275,0.053571,0.031914,0.065813,0.094315,0.058755,0.091463
Stress_Sleep,Prebiotic,0.0,0.0,0.0,0.0,0.0,0.0,0.0
Stress_Sleep,Probiotic,0.0,0.0,0.0,0.0,0.0,0.0,0.0
Stress_Sleep,Psyllium,0.0,0.0,0.0,0.0,0.0,0.0,0.0
Stress_Sleep,Quercetin,0.0,0.0,0.0,0.0,0.0,0.0,0.0
Stress_Sleep,Red Weed,0.0,0.0,0.0,0.0,0.0,0.0,0.0
Stress_Sleep,Resveratrol,0.0,0.0,0.0,0.0,0.0,0.0,0.0
Stress_Sleep,Rhodiola_Rosea,0.0,0.0,0.0,0.003528,0.003623,0.0030921099999999995,0.0
Stress_Sleep,Saw_Palmetto,0.156655,0.163494,0.166823,0.15246,0.141168,0.385731,0.385902
Stress_Sleep,Sea_Moss,0.0,0.0,0.0,0.0,0.0,0.0,0.0
Stress_Sleep,Selenium,0.0,0.0,0.0,0.0,0.0,0.0,0.0
Stress_Sleep,StJohns_Wort,0.0,0.0,0.0,0.0,0.0,0.0,0.0
Stress_Sleep,Turmeric|Curcumin,0.159612,0.121258,0.131315,0.093577,0.135113,0.112234,0.1332
Stress_Sleep,Valerian,0.716385,0.676324,0.107713,0.102344,0.038468,0.048349,0.123401
Stress_Sleep,VitaminA,0.0,0.0,0.0,0.0,0.0,0.0,0.0
Stress_Sleep,VitaminC,0.030285,0.028576,0.04091,0.027638491666666667,0.028719,0.039317,0.070584
Stress_Sleep,VitaminD,0.039435,0.044607,0.017544,0.025994,0.044259,0.032473,0.027089
Stress_Sleep,VitaminE,0.0,0.0,0.0,0.0,0.0,0.0,0.0
Stress_Sleep,Zeaxanthin,0.0,0.0,0.0,0.0,0.0,0.0,0.0
Stress_Sleep,Zinc,0.060051,0.06628,0.081012,0.07509249166666666,0.057488,0.082041,0.111982
Weight_Mngm,5HTP,0.0,0.0,0.0,0.0,0.0,0.0,0.0
Weight_Mngm,ACV,0.044084,0.002685,0.076916,0.049123,0.153343,0.03249128,0.03784
Weight_Mngm,ALA,0.004069,0.00781,0.057702,0.040391,0.045139,0.058562,0.119759
Weight_Mngm,Artichoke,0.0,0.0,0.0,0.0,0.0,0.0,0.0
Weight_Mngm,Ashwagandha,0.0,0.0,0.001358,0.0,0.0,0.0,0.0
Weight_Mngm,Astaxanthin,0.0,0.0,0.0,0.0,0.0,0.0,0.0
Weight_Mngm,B1,0.02915626,0.049297,0.051557,0.075821,0.123031,0.101017,0.099223
Weight_Mngm,B12,1.439121,1.342876,1.37151,1.2262701400000002,1.673827,1.199596,1.813213
Weight_Mngm,B2,0.014001,0.015405,0.017202,0.009653,0.014738,0.016302,0.010786
Weight_Mngm,B3,0.024702,0.025555,0.028604,0.033378,0.033562,0.03687,0.041161
Weight_Mngm,B5,0.001975,0.0,0.001947,0.002594,0.003072,0.0,0.0
Weight_Mngm,B6,0.156724,0.119949,0.13635,0.133087,0.139631,0.1635561,0.11456
Weight_Mngm,B7,0.128687,0.133157,0.193031,0.166866,0.158262,0.152266,0.148605
Weight_Mngm,B9,0.288153,0.227135,0.17897,0.18903,0.283955,0.214543,0.258093
Weight_Mngm,BCAA,0.0,0.0,0.0,0.0,0.0,0.0,0.0
Weight_Mngm,BHB_rasp_ketones,0.0,0.0,0.016001,0.078301,0.010787,0.2723036,0.052091
Weight_Mngm,Bacopa,0.0,0.0,0.0,0.0,0.0,0.0,0.0
Weight_Mngm,Beetroot,0.0,0.0,0.0,0.0,0.0,0.0,0.0
Weight_Mngm,Berberine,0.0,0.0,0.0,0.0,0.015887,0.033973,0.090039
Weight_Mngm,Black Pepper,0.0,0.0,0.0,0.0,0.0,0.0,0.0
Weight_Mngm,Black_cohosh,0.0,0.0,0.0,0.0,0.0,0.0,0.0
Weight_Mngm,Bromelain,0.0,0.0,0.0,0.0,0.0,0.0,0.0
Weight_Mngm,Brown Weed,0.007221,0.006892,0.01273,0.009576,0.007221,0.006593,0.006309
Weight_Mngm,COQ10,0.0,0.0,0.0,0.0,0.0,0.0,0.0
Weight_Mngm,Caffeine,0.0,0.014150559999999998,0.02032,0.017208519999999998,0.014393,0.019187199999999998,0.01961
Weight_Mngm,Calcium,0.0,0.0,0.0,0.0,0.0,0.0,0.0
Weight_Mngm,Cayenne,0.044084,0.002685,0.00201,0.008753,0.04623,0.03249128,0.03784
Weight_Mngm,Chamomile,0.0,0.0,0.0,0.0,0.0,0.0,0.0
Weight_Mngm,Chlorophyll,0.007178,0.069001,0.023649,0.025799,0.027396,0.032309,0.027731
Weight_Mngm,Choline,0.0,0.0,0.0,0.0,0.0,0.0,0.0
Weight_Mngm,Chromium,0.048153850000000005,0.028662,0.049018,0.055961,0.072159,0.079267,0.063686
Weight_Mngm,Cinnamon,0.0,0.001461,0.0,0.0,0.016963,0.033973,0.090039
Weight_Mngm,Citrulline,0.0,0.0,0.0,0.0,0.0,0.0,0.0
Weight_Mngm,Collagen,0.0,0.0,0.0,0.0,0.0,0.0,0.0
Weight_Mngm,Copper,0.0,0.0,0.0,0.0,0.0,0.0,0.0
Weight_Mngm,Cranberry,0.0,0.0,0.0,0.0,0.0,0.0,0.0
Weight_Mngm,Creatine,0.0,0.0,0.0,0.0,0.0,0.0,0.0
Weight_Mngm,Dandelion,0.0,0.0,0.0,0.0,0.0,0.0,0.0
Weight_Mngm,Echinacea,0.0,0.00332,0.003627,0.0,0.001897,0.0,0.002734
Weight_Mngm,Elderberry,0.0,0.0,0.0,0.0,0.0,0.0,0.0
Weight_Mngm,Electrolyte,0.0,0.0,0.0,0.0,0.0,0.0,0.0
Weight_Mngm,Enzymes,0.0,0.0,0.0,0.0,0.0,0.0,0.0
Weight_Mngm,Fenugreek,0.0,0.0,0.0,0.0,0.0,0.0,0.0
Weight_Mngm,Fiber,0.0,0.0,0.0,0.0,0.0,0.0,0.0
Weight_Mngm,Fish_Oil,0.0,0.0,0.0,0.0,0.0,0.0,0.0
Weight_Mngm,Flaxseed,0.006581,0.007444,0.0,0.0,0.0,0.0059334,0.0
Weight_Mngm,Gaba,0.0,0.0,0.0,0.0,0.0,0.0,0.0
Weight_Mngm,Garcinia_cambogia,0.041516,0.018828559999999998,0.0492,0.10403752,0.058522,0.050070199999999995,0.05544
Weight_Mngm,Garlic,0.0,0.0,0.0,0.0,0.0,0.0,0.0
Weight_Mngm,Ginger,0.0,0.0,0.0,0.0,0.0,0.0,0.0
Weight_Mngm,Ginkgo_Biloba,0.0,0.0,0.0,0.0,0.0,0.0,0.0
Weight_Mngm,Ginseng,0.0,0.0,0.0,0.0,0.0,0.0,0.0
Weight_Mngm,Glucosamine|Chondroitine,0.0,0.0,0.0,0.0,0.0,0.0,0.0
Weight_Mngm,GrapeSeed,0.0,0.0,0.0,0.0,0.0,0.0,0.0
Weight_Mngm,Green_coffee,0.0,0.0,0.0,0.0,0.0,0.0,0.0
Weight_Mngm,Green_tea,0.0,0.001139,0.0,0.0,0.0,0.0,0.0
Weight_Mngm,Greens,0.017829,0.079745,0.061721,0.198894,0.140644,0.1553589725,0.059243
Weight_Mngm,Hemp,0.0,0.0,0.0,0.0,0.0,0.0,0.0
Weight_Mngm,Horny Goat,0.0,0.0,0.0,0.0,0.0,0.0,0.0
Weight_Mngm,Hyaluronic_Acid,0.0,0.0,0.0,0.0,0.0,0.0,0.0
Weight_Mngm,Insomnia_Herbs,0.0,0.0,0.0,0.0,0.0,0.0,0.0
Weight_Mngm,Iodine,0.053359,0.057307,0.06053,0.050903,0.05424,0.0592341,0.051916
Weight_Mngm,Iron,0.0,0.006419,0.0,0.0,0.0,0.0,0.0
Weight_Mngm,Kava,0.0,0.0,0.0,0.0,0.0,0.0,0.0
Weight_Mngm,L-Carnitine,0.0,0.0,0.0,0.0,0.0,0.0,0.0
Weight_Mngm,L-Glutamine,0.0,0.0,0.0,0.0,0.0,0.0,0.0
Weight_Mngm,L-Lysine,0.0,0.0,0.0,0.0,0.0,0.0,0.0
Weight_Mngm,L-Theanine,0.0,0.0,0.0,0.0,0.0,0.0,0.0
Weight_Mngm,L-arginine,0.0,0.0,0.0,0.0,0.0,0.0,0.0
Weight_Mngm,Lavender,0.0,0.0,0.0,0.0,0.0,0.0,0.0
Weight_Mngm,Lutein,0.0,0.0,0.0,0.0,0.0,0.0,0.0
Weight_Mngm,MCT,0.0,0.0,0.0,0.0,0.0,0.0,0.0
Weight_Mngm,MSM,0.01608,0.01576,0.007506,0.010338,0.004742,0.005502,0.004478
Weight_Mngm,Magnesium,0.0,0.0,0.001358,0.0,0.0,0.0,0.0
Weight_Mngm,Manganese,0.0,0.00085,0.0,0.002482,0.0,0.0,0.0
Weight_Mngm,Melatonin,0.0,0.0,0.0,0.0,0.0,0.0,0.0
Weight_Mngm,Milk_Thistle,0.0,0.002294,0.006157,0.008196,0.0,0.0,0.003858
Weight_Mngm,Mushrooms,0.0,0.0,0.0,0.0,0.0,0.0,0.003599
Weight_Mngm,Omega3,0.0,0.0,0.052253,0.037755,0.018428,0.022445,0.02473
Weight_Mngm,Omega6,0.0,0.0,0.0,0.0,0.0,0.0,0.0
Weight_Mngm,Oregano,0.0,0.0,0.0,0.0,0.0,0.0,0.0
Weight_Mngm,Potassium,0.0,0.0,0.0,0.0,0.0,0.0,0.0
Weight_Mngm,Prebiotic,0.0,0.0,0.0,0.0,0.0,0.0,0.0
Weight_Mngm,Probiotic,0.006088,0.006062,0.006412,0.005902,0.005336,0.00601,0.006118
Weight_Mngm,Psyllium,0.0,0.0,0.0,0.0,0.0,0.0,0.0
Weight_Mngm,Quercetin,0.0,0.0,0.0,0.0,0.0,0.0,0.0
Weight_Mngm,Red Weed,0.0,0.0,0.0,0.0,0.0,0.0,0.0
Weight_Mngm,Resveratrol,0.0,0.0,0.0,0.0,0.0,0.0,0.0
Weight_Mngm,Rhodiola_Rosea,0.0,0.0,0.0,0.0,0.0,0.0,0.0
Weight_Mngm,Saw_Palmetto,0.0,0.0,0.0,0.0,0.0,0.0,0.0
Weight_Mngm,Sea_Moss,0.007221,0.006892,0.011372,0.009576,0.007221,0.006593,0.006309
Weight_Mngm,Selenium,0.0,0.0,0.001358,0.0,0.0,0.0,0.0
Weight_Mngm,StJohns_Wort,0.0,0.0,0.0,0.0,0.0,0.0,0.0
Weight_Mngm,Turmeric|Curcumin,0.0,0.0,0.0,0.0,0.0,0.0,0.0
Weight_Mngm,Valerian,0.0,0.0,0.0,0.0,0.0,0.0,0.0
Weight_Mngm,VitaminA,0.039557,0.039651,0.044173,0.041327,0.045122,0.0467077,0.042873
Weight_Mngm,VitaminC,0.084814,0.047912,0.064039,0.09203849166666667,0.108851,0.053141,0.100868
Weight_Mngm,VitaminD,0.0,0.0,0.0,0.0,0.0,0.0,0.0
Weight_Mngm,VitaminE,0.0,0.0,0.071436,0.060464,0.062625,0.0,0.0
Weight_Mngm,Zeaxanthin,0.0,0.0,0.0,0.0,0.0,0.0,0.0
Weight_Mngm,Zinc,0.014331,0.01515,0.01039,0.008829491666666666,0.005401,0.022186,0.046246
